START_LEVELS,,,,,,,,,,,,,,,,,,,,,,,,,,,,,,,,,
TARGET_TYPE,TARGET_TYPE_AS_TEXT,TARGET_LIST_NUMBER,TARGET_ID,TARGET_PART_NUMBER,CHANNEL,PARAMETER_TYPE,PARAMETER_TYPE_AS_TEXT,LEVEL,LEVEL_REFERENCE_TYPE,LEVEL_REFERENCE_TYPE_AS_TEXT,LEVEL_REFERENCE_LIST_NUMBER,LEVEL_REFERENCE_ID,FADE_TIME,DELAY_TIME,MARK_CUE,TRACK_TYPE,EFFECT,,,,,,,,,,,,,,,,
1,Cue,1,0.0,,13,1,Intens,100,,,,,,,,,,,,,,,,,,,,,,,,,
1,Cue,1,0.0,,13,12,Red,100,,,,,,,,,,,,,,,,,,,,,,,,,
1,Cue,1,0.0,,13,13,Green,37,,,,,,,,,,,,,,,,,,,,,,,,,
1,Cue,1,0.0,,13,14,Blue,64,,,,,,,,,,,,,,,,,,,,,,,,,
1,Cue,1,0.0,,14,1,Intens,100,,,,,,,,,,,,,,,,,,,,,,,,,
1,Cue,1,0.0,,14,12,Red,100,,,,,,,,,,,,,,,,,,,,,,,,,
1,Cue,1,0.0,,14,13,Green,37,,,,,,,,,,,,,,,,,,,,,,,,,
1,Cue,1,0.0,,14,14,Blue,64,,,,,,,,,,,,,,,,,,,,,,,,,
1,Cue,1,0.0,,15,1,Intens,100,,,,,,,,,,,,,,,,,,,,,,,,,
1,Cue,1,0.0,,15,12,Red,100,,,,,,,,,,,,,,,,,,,,,,,,,
1,Cue,1,0.0,,15,13,Green,37,,,,,,,,,,,,,,,,,,,,,,,,,
1,Cue,1,0.0,,15,14,Blue,64,,,,,,,,,,,,,,,,,,,,,,,,,
1,Cue,1,0.0,,16,1,Intens,100,,,,,,,,,,,,,,,,,,,,,,,,,
1,Cue,1,0.0,,16,12,Red,100,,,,,,,,,,,,,,,,,,,,,,,,,
1,Cue,1,0.0,,16,13,Green,37,,,,,,,,,,,,,,,,,,,,,,,,,
1,Cue,1,0.0,,16,14,Blue,64,,,,,,,,,,,,,,,,,,,,,,,,,
1,Cue,1,0.0,,17,1,Intens,100,,,,,,,,,,,,,,,,,,,,,,,,,
1,Cue,1,0.0,,17,12,Red,100,,,,,,,,,,,,,,,,,,,,,,,,,
1,Cue,1,0.0,,17,13,Green,37,,,,,,,,,,,,,,,,,,,,,,,,,
1,Cue,1,0.0,,37,12,Red,255,,,,,,,,,,,,,,,,,,,,,,,,,
1,Cue,1,0.0,,37,13,Green,0,,,,,,,,,,,,,,,,,,,,,,,,,
1,Cue,1,0.0,,37,14,Blue,28,,,,,,,,,,,,,,,,,,,,,,,,,
1,Cue,1,0.0,,37,50,Indigo,43,,,,,,,,,,,,,,,,,,,,,,,,,
1,Cue,1,0.0,,38,12,Red,255,,,,,,,,,,,,,,,,,,,,,,,,,
1,Cue,1,0.0,,38,13,Green,0,,,,,,,,,,,,,,,,,,,,,,,,,
1,Cue,1,0.0,,38,14,Blue,28,,,,,,,,,,,,,,,,,,,,,,,,,
1,Cue,1,0.0,,38,50,Indigo,43,,,,,,,,,,,,,,,,,,,,,,,,,
1,Cue,1,0.0,,39,12,Red,255,,,,,,,,,,,,,,,,,,,,,,,,,
1,Cue,1,0.0,,39,13,Green,0,,,,,,,,,,,,,,,,,,,,,,,,,
1,Cue,1,0.0,,39,14,Blue,28,,,,,,,,,,,,,,,,,,,,,,,,,
1,Cue,1,0.0,,39,50,Indigo,43,,,,,,,,,,,,,,,,,,,,,,,,,
1,Cue,1,0.0,,40,12,Red,255,,,,,,,,,,,,,,,,,,,,,,,,,
1,Cue,1,0.0,,40,13,Green,0,,,,,,,,,,,,,,,,,,,,,,,,,
1,Cue,1,0.0,,40,14,Blue,28,,,,,,,,,,,,,,,,,,,,,,,,,
1,Cue,1,0.0,,40,50,Indigo,43,,,,,,,,,,,,,,,,,,,,,,,,,
1,Cue,1,0.0,,41,12,Red,255,,,,,,,,,,,,,,,,,,,,,,,,,
1,Cue,1,0.0,,41,13,Green,0,,,,,,,,,,,,,,,,,,,,,,,,,
1,Cue,1,0.0,,41,14,Blue,28,,,,,,,,,,,,,,,,,,,,,,,,,
1,Cue,1,0.0,,41,50,Indigo,43,,,,,,,,,,,,,,,,,,,,,,,,,
1,Cue,1,0.0,,42,12,Red,255,,,,,,,,,,,,,,,,,,,,,,,,,
1,Cue,1,0.0,,42,13,Green,0,,,,,,,,,,,,,,,,,,,,,,,,,
1,Cue,1,0.0,,42,14,Blue,28,,,,,,,,,,,,,,,,,,,,,,,,,
1,Cue,1,0.0,,42,50,Indigo,43,,,,,,,,,,,,,,,,,,,,,,,,,
1,Cue,1,0.0,,31,12,Red,255,,,,,,,,,,,,,,,,,,,,,,,,,
1,Cue,1,0.0,,31,13,Green,0,,,,,,,,,,,,,,,,,,,,,,,,,
1,Cue,1,0.0,,31,14,Blue,28,,,,,,,,,,,,,,,,,,,,,,,,,
1,Cue,1,0.0,,31,50,Indigo,43,,,,,,,,,,,,,,,,,,,,,,,,,
1,Cue,1,0.0,,32,12,Red,255,,,,,,,,,,,,,,,,,,,,,,,,,
1,Cue,1,0.0,,32,13,Green,0,,,,,,,,,,,,,,,,,,,,,,,,,
1,Cue,1,0.0,,32,14,Blue,28,,,,,,,,,,,,,,,,,,,,,,,,,
1,Cue,1,0.0,,32,50,Indigo,43,,,,,,,,,,,,,,,,,,,,,,,,,
1,Cue,1,0.0,,33,12,Red,255,,,,,,,,,,,,,,,,,,,,,,,,,
1,Cue,1,0.0,,33,13,Green,0,,,,,,,,,,,,,,,,,,,,,,,,,
1,Cue,1,0.0,,33,14,Blue,28,,,,,,,,,,,,,,,,,,,,,,,,,
1,Cue,1,0.0,,33,50,Indigo,43,,,,,,,,,,,,,,,,,,,,,,,,,
1,Cue,1,0.0,,34,12,Red,255,,,,,,,,,,,,,,,,,,,,,,,,,
1,Cue,1,0.0,,34,13,Green,0,,,,,,,,,,,,,,,,,,,,,,,,,
1,Cue,1,0.0,,34,14,Blue,28,,,,,,,,,,,,,,,,,,,,,,,,,
1,Cue,1,0.0,,34,50,Indigo,43,,,,,,,,,,,,,,,,,,,,,,,,,
1,Cue,1,0.0,,35,12,Red,255,,,,,,,,,,,,,,,,,,,,,,,,,
1,Cue,1,0.0,,35,13,Green,0,,,,,,,,,,,,,,,,,,,,,,,,,
1,Cue,1,0.0,,35,14,Blue,28,,,,,,,,,,,,,,,,,,,,,,,,,
1,Cue,1,0.0,,35,50,Indigo,43,,,,,,,,,,,,,,,,,,,,,,,,,
1,Cue,1,0.0,,36,12,Red,255,,,,,,,,,,,,,,,,,,,,,,,,,
1,Cue,1,0.0,,36,13,Green,0,,,,,,,,,,,,,,,,,,,,,,,,,
1,Cue,1,0.0,,36,14,Blue,28,,,,,,,,,,,,,,,,,,,,,,,,,
1,Cue,1,0.0,,36,50,Indigo,43,,,,,,,,,,,,,,,,,,,,,,,,,
1,Cue,1,0.0,,36,20675,Lime,0,,,,,,,,,,,,,,,,,,,,,,,,,
1,Cue,1,0.0,,1,1,Intens,100,,,,,,,,,,,,,,,,,,,,,,,,,
1,Cue,1,0.0,,1,12,Red,100,,,,,,,,,,,,,,,,,,,,,,,,,
1,Cue,1,0.0,,1,13,Green,37,,,,,,,,,,,,,,,,,,,,,,,,,
1,Cue,1,0.0,,1,14,Blue,64,,,,,,,,,,,,,,,,,,,,,,,,,
1,Cue,1,0.0,,2,1,Intens,100,,,,,,,,,,,,,,,,,,,,,,,,,
1,Cue,1,0.0,,2,12,Red,100,,,,,,,,,,,,,,,,,,,,,,,,,
1,Cue,1,0.0,,2,13,Green,37,,,,,,,,,,,,,,,,,,,,,,,,,
1,Cue,1,0.0,,2,14,Blue,64,,,,,,,,,,,,,,,,,,,,,,,,,
1,Cue,1,0.0,,3,1,Intens,100,,,,,,,,,,,,,,,,,,,,,,,,,
1,Cue,1,0.0,,3,12,Red,100,,,,,,,,,,,,,,,,,,,,,,,,,
1,Cue,1,0.0,,3,13,Green,37,,,,,,,,,,,,,,,,,,,,,,,,,
1,Cue,1,0.0,,3,14,Blue,64,,,,,,,,,,,,,,,,,,,,,,,,,
1,Cue,1,0.0,,5,1,Intens,100,,,,,,,,,,,,,,,,,,,,,,,,,
1,Cue,1,0.0,,5,12,Red,100,,,,,,,,,,,,,,,,,,,,,,,,,
1,Cue,1,0.0,,5,13,Green,37,,,,,,,,,,,,,,,,,,,,,,,,,
1,Cue,1,0.0,,5,14,Blue,64,,,,,,,,,,,,,,,,,,,,,,,,,
1,Cue,1,0.0,,6,1,Intens,100,,,,,,,,,,,,,,,,,,,,,,,,,
1,Cue,1,0.0,,6,12,Red,100,,,,,,,,,,,,,,,,,,,,,,,,,
1,Cue,1,0.0,,6,13,Green,37,,,,,,,,,,,,,,,,,,,,,,,,,
1,Cue,1,0.0,,6,14,Blue,64,,,,,,,,,,,,,,,,,,,,,,,,,
1,Cue,1,0.0,,7,1,Intens,100,,,,,,,,,,,,,,,,,,,,,,,,,
1,Cue,1,0.0,,7,12,Red,100,,,,,,,,,,,,,,,,,,,,,,,,,
1,Cue,1,0.0,,7,13,Green,37,,,,,,,,,,,,,,,,,,,,,,,,,
1,Cue,1,0.0,,7,14,Blue,64,,,,,,,,,,,,,,,,,,,,,,,,,
1,Cue,1,0.0,,9,1,Intens,100,,,,,,,,,,,,,,,,,,,,,,,,,
1,Cue,1,0.0,,9,12,Red,100,,,,,,,,,,,,,,,,,,,,,,,,,
1,Cue,1,0.0,,9,13,Green,37,,,,,,,,,,,,,,,,,,,,,,,,,
1,Cue,1,0.0,,9,14,Blue,64,,,,,,,,,,,,,,,,,,,,,,,,,
1,Cue,1,0.0,,10,1,Intens,100,,,,,,,,,,,,,,,,,,,,,,,,,
1,Cue,1,0.0,,10,12,Red,100,,,,,,,,,,,,,,,,,,,,,,,,,
1,Cue,1,0.0,,10,13,Green,37,,,,,,,,,,,,,,,,,,,,,,,,,
1,Cue,1,0.0,,10,14,Blue,64,,,,,,,,,,,,,,,,,,,,,,,,,
1,Cue,1,0.0,,11,1,Intens,100,,,,,,,,,,,,,,,,,,,,,,,,,
1,Cue,1,0.0,,11,12,Red,100,,,,,,,,,,,,,,,,,,,,,,,,,
1,Cue,1,0.0,,11,13,Green,37,,,,,,,,,,,,,,,,,,,,,,,,,
1,Cue,1,0.0,,11,14,Blue,64,,,,,,,,,,,,,,,,,,,,,,,,,
1,Cue,1,0.1,,13,1,Intens,100,,,,,,,,,,,,,,,,,,,,,,,,,
1,Cue,1,0.1,,13,12,Red,94,,,,,,,,,,,,,,,,,,,,,,,,,
1,Cue,1,0.1,,13,13,Green,69,,,,,,,,,,,,,,,,,,,,,,,,,
1,Cue,1,0.1,,13,14,Blue,33,,,,,,,,,,,,,,,,,,,,,,,,,
1,Cue,1,0.1,,14,1,Intens,100,,,,,,,,,,,,,,,,,,,,,,,,,
1,Cue,1,0.1,,14,12,Red,94,,,,,,,,,,,,,,,,,,,,,,,,,
1,Cue,1,0.1,,14,13,Green,69,,,,,,,,,,,,,,,,,,,,,,,,,
1,Cue,1,0.1,,14,14,Blue,33,,,,,,,,,,,,,,,,,,,,,,,,,
1,Cue,1,0.1,,15,1,Intens,100,,,,,,,,,,,,,,,,,,,,,,,,,
1,Cue,1,0.1,,15,12,Red,94,,,,,,,,,,,,,,,,,,,,,,,,,
1,Cue,1,0.1,,15,13,Green,69,,,,,,,,,,,,,,,,,,,,,,,,,
1,Cue,1,0.1,,15,14,Blue,33,,,,,,,,,,,,,,,,,,,,,,,,,
1,Cue,1,0.1,,16,1,Intens,100,,,,,,,,,,,,,,,,,,,,,,,,,
1,Cue,1,0.1,,16,12,Red,94,,,,,,,,,,,,,,,,,,,,,,,,,
1,Cue,1,0.1,,16,13,Green,69,,,,,,,,,,,,,,,,,,,,,,,,,
1,Cue,1,0.1,,16,14,Blue,33,,,,,,,,,,,,,,,,,,,,,,,,,
1,Cue,1,0.1,,17,1,Intens,100,,,,,,,,,,,,,,,,,,,,,,,,,
1,Cue,1,0.1,,17,12,Red,94,,,,,,,,,,,,,,,,,,,,,,,,,
1,Cue,1,0.1,,17,13,Green,69,,,,,,,,,,,,,,,,,,,,,,,,,
1,Cue,1,0.1,,37,12,Red,255,,,,,,,,,,,,,,,,,,,,,,,,,
1,Cue,1,0.1,,37,13,Green,0,,,,,,,,,,,,,,,,,,,,,,,,,
1,Cue,1,0.1,,37,14,Blue,30,,,,,,,,,,,,,,,,,,,,,,,,,
1,Cue,1,0.1,,37,50,Indigo,0,,,,,,,,,,,,,,,,,,,,,,,,,
1,Cue,1,0.1,,38,12,Red,255,,,,,,,,,,,,,,,,,,,,,,,,,
1,Cue,1,0.1,,38,13,Green,0,,,,,,,,,,,,,,,,,,,,,,,,,
1,Cue,1,0.1,,38,14,Blue,30,,,,,,,,,,,,,,,,,,,,,,,,,
1,Cue,1,0.1,,38,50,Indigo,0,,,,,,,,,,,,,,,,,,,,,,,,,
1,Cue,1,0.1,,39,12,Red,255,,,,,,,,,,,,,,,,,,,,,,,,,
1,Cue,1,0.1,,39,13,Green,0,,,,,,,,,,,,,,,,,,,,,,,,,
1,Cue,1,0.1,,39,14,Blue,30,,,,,,,,,,,,,,,,,,,,,,,,,
1,Cue,1,0.1,,39,50,Indigo,0,,,,,,,,,,,,,,,,,,,,,,,,,
1,Cue,1,0.1,,40,12,Red,255,,,,,,,,,,,,,,,,,,,,,,,,,
1,Cue,1,0.1,,40,13,Green,0,,,,,,,,,,,,,,,,,,,,,,,,,
1,Cue,1,0.1,,40,14,Blue,30,,,,,,,,,,,,,,,,,,,,,,,,,
1,Cue,1,0.1,,40,50,Indigo,0,,,,,,,,,,,,,,,,,,,,,,,,,
1,Cue,1,0.1,,41,12,Red,255,,,,,,,,,,,,,,,,,,,,,,,,,
1,Cue,1,0.1,,41,13,Green,0,,,,,,,,,,,,,,,,,,,,,,,,,
1,Cue,1,0.1,,41,14,Blue,30,,,,,,,,,,,,,,,,,,,,,,,,,
1,Cue,1,0.1,,41,50,Indigo,0,,,,,,,,,,,,,,,,,,,,,,,,,
1,Cue,1,0.1,,42,12,Red,255,,,,,,,,,,,,,,,,,,,,,,,,,
1,Cue,1,0.1,,42,13,Green,0,,,,,,,,,,,,,,,,,,,,,,,,,
1,Cue,1,0.1,,42,14,Blue,30,,,,,,,,,,,,,,,,,,,,,,,,,
1,Cue,1,0.1,,42,50,Indigo,0,,,,,,,,,,,,,,,,,,,,,,,,,
1,Cue,1,0.1,,31,12,Red,255,,,,,,,,,,,,,,,,,,,,,,,,,
1,Cue,1,0.1,,31,13,Green,0,,,,,,,,,,,,,,,,,,,,,,,,,
1,Cue,1,0.1,,31,14,Blue,30,,,,,,,,,,,,,,,,,,,,,,,,,
1,Cue,1,0.1,,31,50,Indigo,0,,,,,,,,,,,,,,,,,,,,,,,,,
1,Cue,1,0.1,,32,12,Red,255,,,,,,,,,,,,,,,,,,,,,,,,,
1,Cue,1,0.1,,32,13,Green,0,,,,,,,,,,,,,,,,,,,,,,,,,
1,Cue,1,0.1,,32,14,Blue,30,,,,,,,,,,,,,,,,,,,,,,,,,
1,Cue,1,0.1,,32,50,Indigo,0,,,,,,,,,,,,,,,,,,,,,,,,,
1,Cue,1,0.1,,33,12,Red,255,,,,,,,,,,,,,,,,,,,,,,,,,
1,Cue,1,0.1,,33,13,Green,0,,,,,,,,,,,,,,,,,,,,,,,,,
1,Cue,1,0.1,,33,14,Blue,30,,,,,,,,,,,,,,,,,,,,,,,,,
1,Cue,1,0.1,,33,50,Indigo,0,,,,,,,,,,,,,,,,,,,,,,,,,
1,Cue,1,0.1,,34,12,Red,255,,,,,,,,,,,,,,,,,,,,,,,,,
1,Cue,1,0.1,,34,13,Green,0,,,,,,,,,,,,,,,,,,,,,,,,,
1,Cue,1,0.1,,34,14,Blue,30,,,,,,,,,,,,,,,,,,,,,,,,,
1,Cue,1,0.1,,34,50,Indigo,0,,,,,,,,,,,,,,,,,,,,,,,,,
1,Cue,1,0.1,,35,12,Red,255,,,,,,,,,,,,,,,,,,,,,,,,,
1,Cue,1,0.1,,35,13,Green,0,,,,,,,,,,,,,,,,,,,,,,,,,
1,Cue,1,0.1,,35,14,Blue,30,,,,,,,,,,,,,,,,,,,,,,,,,
1,Cue,1,0.1,,35,50,Indigo,0,,,,,,,,,,,,,,,,,,,,,,,,,
1,Cue,1,0.1,,36,12,Red,255,,,,,,,,,,,,,,,,,,,,,,,,,
1,Cue,1,0.1,,36,13,Green,0,,,,,,,,,,,,,,,,,,,,,,,,,
1,Cue,1,0.1,,36,14,Blue,30,,,,,,,,,,,,,,,,,,,,,,,,,
1,Cue,1,0.1,,36,50,Indigo,0,,,,,,,,,,,,,,,,,,,,,,,,,
1,Cue,1,0.1,,36,20675,Lime,121,,,,,,,,,,,,,,,,,,,,,,,,,
1,Cue,1,0.1,,1,1,Intens,100,,,,,,,,,,,,,,,,,,,,,,,,,
1,Cue,1,0.1,,1,12,Red,94,,,,,,,,,,,,,,,,,,,,,,,,,
1,Cue,1,0.1,,1,13,Green,69,,,,,,,,,,,,,,,,,,,,,,,,,
1,Cue,1,0.1,,1,14,Blue,33,,,,,,,,,,,,,,,,,,,,,,,,,
1,Cue,1,0.1,,2,1,Intens,100,,,,,,,,,,,,,,,,,,,,,,,,,
1,Cue,1,0.1,,2,12,Red,94,,,,,,,,,,,,,,,,,,,,,,,,,
1,Cue,1,0.1,,2,13,Green,69,,,,,,,,,,,,,,,,,,,,,,,,,
1,Cue,1,0.1,,2,14,Blue,33,,,,,,,,,,,,,,,,,,,,,,,,,
1,Cue,1,0.1,,3,1,Intens,100,,,,,,,,,,,,,,,,,,,,,,,,,
1,Cue,1,0.1,,3,12,Red,94,,,,,,,,,,,,,,,,,,,,,,,,,
1,Cue,1,0.1,,3,13,Green,69,,,,,,,,,,,,,,,,,,,,,,,,,
1,Cue,1,0.1,,3,14,Blue,33,,,,,,,,,,,,,,,,,,,,,,,,,
1,Cue,1,0.1,,5,1,Intens,100,,,,,,,,,,,,,,,,,,,,,,,,,
1,Cue,1,0.1,,5,12,Red,94,,,,,,,,,,,,,,,,,,,,,,,,,
1,Cue,1,0.1,,5,13,Green,69,,,,,,,,,,,,,,,,,,,,,,,,,
1,Cue,1,0.1,,5,14,Blue,33,,,,,,,,,,,,,,,,,,,,,,,,,
1,Cue,1,0.1,,6,1,Intens,100,,,,,,,,,,,,,,,,,,,,,,,,,
1,Cue,1,0.1,,6,12,Red,94,,,,,,,,,,,,,,,,,,,,,,,,,
1,Cue,1,0.1,,6,13,Green,69,,,,,,,,,,,,,,,,,,,,,,,,,
1,Cue,1,0.1,,6,14,Blue,33,,,,,,,,,,,,,,,,,,,,,,,,,
1,Cue,1,0.1,,7,1,Intens,100,,,,,,,,,,,,,,,,,,,,,,,,,
1,Cue,1,0.1,,7,12,Red,94,,,,,,,,,,,,,,,,,,,,,,,,,
1,Cue,1,0.1,,7,13,Green,69,,,,,,,,,,,,,,,,,,,,,,,,,
1,Cue,1,0.1,,7,14,Blue,33,,,,,,,,,,,,,,,,,,,,,,,,,
1,Cue,1,0.1,,9,1,Intens,100,,,,,,,,,,,,,,,,,,,,,,,,,
1,Cue,1,0.1,,9,12,Red,94,,,,,,,,,,,,,,,,,,,,,,,,,
1,Cue,1,0.1,,9,13,Green,69,,,,,,,,,,,,,,,,,,,,,,,,,
1,Cue,1,0.1,,9,14,Blue,33,,,,,,,,,,,,,,,,,,,,,,,,,
1,Cue,1,0.1,,10,1,Intens,100,,,,,,,,,,,,,,,,,,,,,,,,,
1,Cue,1,0.1,,10,12,Red,94,,,,,,,,,,,,,,,,,,,,,,,,,
1,Cue,1,0.1,,10,13,Green,69,,,,,,,,,,,,,,,,,,,,,,,,,
1,Cue,1,0.1,,10,14,Blue,33,,,,,,,,,,,,,,,,,,,,,,,,,
1,Cue,1,0.1,,11,1,Intens,100,,,,,,,,,,,,,,,,,,,,,,,,,
1,Cue,1,0.1,,11,12,Red,94,,,,,,,,,,,,,,,,,,,,,,,,,
1,Cue,1,0.1,,11,13,Green,69,,,,,,,,,,,,,,,,,,,,,,,,,
1,Cue,1,0.1,,11,14,Blue,33,,,,,,,,,,,,,,,,,,,,,,,,,
1,Cue,1,0.2,,13,1,Intens,100,,,,,,,,,,,,,,,,,,,,,,,,,
1,Cue,1,0.2,,13,12,Red,40,,,,,,,,,,,,,,,,,,,,,,,,,
1,Cue,1,0.2,,13,13,Green,90,,,,,,,,,,,,,,,,,,,,,,,,,
1,Cue,1,0.2,,13,14,Blue,51,,,,,,,,,,,,,,,,,,,,,,,,,
1,Cue,1,0.2,,14,1,Intens,100,,,,,,,,,,,,,,,,,,,,,,,,,
1,Cue,1,0.2,,14,12,Red,40,,,,,,,,,,,,,,,,,,,,,,,,,
1,Cue,1,0.2,,14,13,Green,90,,,,,,,,,,,,,,,,,,,,,,,,,
1,Cue,1,0.2,,14,14,Blue,51,,,,,,,,,,,,,,,,,,,,,,,,,
1,Cue,1,0.2,,15,1,Intens,100,,,,,,,,,,,,,,,,,,,,,,,,,
1,Cue,1,0.2,,15,12,Red,40,,,,,,,,,,,,,,,,,,,,,,,,,
1,Cue,1,0.2,,15,13,Green,90,,,,,,,,,,,,,,,,,,,,,,,,,
1,Cue,1,0.2,,15,14,Blue,51,,,,,,,,,,,,,,,,,,,,,,,,,
1,Cue,1,0.2,,16,1,Intens,100,,,,,,,,,,,,,,,,,,,,,,,,,
1,Cue,1,0.2,,16,12,Red,40,,,,,,,,,,,,,,,,,,,,,,,,,
1,Cue,1,0.2,,16,13,Green,90,,,,,,,,,,,,,,,,,,,,,,,,,
1,Cue,1,0.2,,16,14,Blue,51,,,,,,,,,,,,,,,,,,,,,,,,,
1,Cue,1,0.2,,17,1,Intens,100,,,,,,,,,,,,,,,,,,,,,,,,,
1,Cue,1,0.2,,17,12,Red,40,,,,,,,,,,,,,,,,,,,,,,,,,
1,Cue,1,0.2,,17,13,Green,90,,,,,,,,,,,,,,,,,,,,,,,,,
1,Cue,1,0.2,,37,12,Red,0,,,,,,,,,,,,,,,,,,,,,,,,,
1,Cue,1,0.2,,37,13,Green,255,,,,,,,,,,,,,,,,,,,,,,,,,
1,Cue,1,0.2,,37,14,Blue,25,,,,,,,,,,,,,,,,,,,,,,,,,
1,Cue,1,0.2,,37,50,Indigo,0,,,,,,,,,,,,,,,,,,,,,,,,,
1,Cue,1,0.2,,38,12,Red,0,,,,,,,,,,,,,,,,,,,,,,,,,
1,Cue,1,0.2,,38,13,Green,255,,,,,,,,,,,,,,,,,,,,,,,,,
1,Cue,1,0.2,,38,14,Blue,25,,,,,,,,,,,,,,,,,,,,,,,,,
1,Cue,1,0.2,,38,50,Indigo,0,,,,,,,,,,,,,,,,,,,,,,,,,
1,Cue,1,0.2,,39,12,Red,0,,,,,,,,,,,,,,,,,,,,,,,,,
1,Cue,1,0.2,,39,13,Green,255,,,,,,,,,,,,,,,,,,,,,,,,,
1,Cue,1,0.2,,39,14,Blue,25,,,,,,,,,,,,,,,,,,,,,,,,,
1,Cue,1,0.2,,39,50,Indigo,0,,,,,,,,,,,,,,,,,,,,,,,,,
1,Cue,1,0.2,,40,12,Red,0,,,,,,,,,,,,,,,,,,,,,,,,,
1,Cue,1,0.2,,40,13,Green,255,,,,,,,,,,,,,,,,,,,,,,,,,
1,Cue,1,0.2,,40,14,Blue,25,,,,,,,,,,,,,,,,,,,,,,,,,
1,Cue,1,0.2,,40,50,Indigo,0,,,,,,,,,,,,,,,,,,,,,,,,,
1,Cue,1,0.2,,41,12,Red,0,,,,,,,,,,,,,,,,,,,,,,,,,
1,Cue,1,0.2,,41,13,Green,255,,,,,,,,,,,,,,,,,,,,,,,,,
1,Cue,1,0.2,,41,14,Blue,25,,,,,,,,,,,,,,,,,,,,,,,,,
1,Cue,1,0.2,,41,50,Indigo,0,,,,,,,,,,,,,,,,,,,,,,,,,
1,Cue,1,0.2,,42,12,Red,0,,,,,,,,,,,,,,,,,,,,,,,,,
1,Cue,1,0.2,,42,13,Green,255,,,,,,,,,,,,,,,,,,,,,,,,,
1,Cue,1,0.2,,42,14,Blue,25,,,,,,,,,,,,,,,,,,,,,,,,,
1,Cue,1,0.2,,42,50,Indigo,0,,,,,,,,,,,,,,,,,,,,,,,,,
1,Cue,1,0.2,,31,12,Red,0,,,,,,,,,,,,,,,,,,,,,,,,,
1,Cue,1,0.2,,31,13,Green,255,,,,,,,,,,,,,,,,,,,,,,,,,
1,Cue,1,0.2,,31,14,Blue,25,,,,,,,,,,,,,,,,,,,,,,,,,
1,Cue,1,0.2,,31,50,Indigo,0,,,,,,,,,,,,,,,,,,,,,,,,,
1,Cue,1,0.2,,32,12,Red,0,,,,,,,,,,,,,,,,,,,,,,,,,
1,Cue,1,0.2,,32,13,Green,255,,,,,,,,,,,,,,,,,,,,,,,,,
1,Cue,1,0.2,,32,14,Blue,25,,,,,,,,,,,,,,,,,,,,,,,,,
1,Cue,1,0.2,,32,50,Indigo,0,,,,,,,,,,,,,,,,,,,,,,,,,
1,Cue,1,0.2,,33,12,Red,0,,,,,,,,,,,,,,,,,,,,,,,,,
1,Cue,1,0.2,,33,13,Green,255,,,,,,,,,,,,,,,,,,,,,,,,,
1,Cue,1,0.2,,33,14,Blue,25,,,,,,,,,,,,,,,,,,,,,,,,,
1,Cue,1,0.2,,33,50,Indigo,0,,,,,,,,,,,,,,,,,,,,,,,,,
1,Cue,1,0.2,,34,12,Red,0,,,,,,,,,,,,,,,,,,,,,,,,,
1,Cue,1,0.2,,34,13,Green,255,,,,,,,,,,,,,,,,,,,,,,,,,
1,Cue,1,0.2,,34,14,Blue,25,,,,,,,,,,,,,,,,,,,,,,,,,
1,Cue,1,0.2,,34,50,Indigo,0,,,,,,,,,,,,,,,,,,,,,,,,,
1,Cue,1,0.2,,35,12,Red,0,,,,,,,,,,,,,,,,,,,,,,,,,
1,Cue,1,0.2,,35,13,Green,255,,,,,,,,,,,,,,,,,,,,,,,,,
1,Cue,1,0.2,,35,14,Blue,25,,,,,,,,,,,,,,,,,,,,,,,,,
1,Cue,1,0.2,,35,50,Indigo,0,,,,,,,,,,,,,,,,,,,,,,,,,
1,Cue,1,0.2,,36,12,Red,0,,,,,,,,,,,,,,,,,,,,,,,,,
1,Cue,1,0.2,,36,13,Green,255,,,,,,,,,,,,,,,,,,,,,,,,,
1,Cue,1,0.2,,36,14,Blue,25,,,,,,,,,,,,,,,,,,,,,,,,,
1,Cue,1,0.2,,36,50,Indigo,0,,,,,,,,,,,,,,,,,,,,,,,,,
1,Cue,1,0.2,,36,20675,Lime,3,,,,,,,,,,,,,,,,,,,,,,,,,
1,Cue,1,0.2,,1,1,Intens,100,,,,,,,,,,,,,,,,,,,,,,,,,
1,Cue,1,0.2,,1,12,Red,40,,,,,,,,,,,,,,,,,,,,,,,,,
1,Cue,1,0.2,,1,13,Green,90,,,,,,,,,,,,,,,,,,,,,,,,,
1,Cue,1,0.2,,1,14,Blue,51,,,,,,,,,,,,,,,,,,,,,,,,,
1,Cue,1,0.2,,2,1,Intens,100,,,,,,,,,,,,,,,,,,,,,,,,,
1,Cue,1,0.2,,2,12,Red,40,,,,,,,,,,,,,,,,,,,,,,,,,
1,Cue,1,0.2,,2,13,Green,90,,,,,,,,,,,,,,,,,,,,,,,,,
1,Cue,1,0.2,,2,14,Blue,51,,,,,,,,,,,,,,,,,,,,,,,,,
1,Cue,1,0.2,,3,1,Intens,100,,,,,,,,,,,,,,,,,,,,,,,,,
1,Cue,1,0.2,,3,12,Red,40,,,,,,,,,,,,,,,,,,,,,,,,,
1,Cue,1,0.2,,3,13,Green,90,,,,,,,,,,,,,,,,,,,,,,,,,
1,Cue,1,0.2,,3,14,Blue,51,,,,,,,,,,,,,,,,,,,,,,,,,
1,Cue,1,0.2,,5,1,Intens,100,,,,,,,,,,,,,,,,,,,,,,,,,
1,Cue,1,0.2,,5,12,Red,40,,,,,,,,,,,,,,,,,,,,,,,,,
1,Cue,1,0.2,,5,13,Green,90,,,,,,,,,,,,,,,,,,,,,,,,,
1,Cue,1,0.2,,5,14,Blue,51,,,,,,,,,,,,,,,,,,,,,,,,,
1,Cue,1,0.2,,6,1,Intens,100,,,,,,,,,,,,,,,,,,,,,,,,,
1,Cue,1,0.2,,6,12,Red,40,,,,,,,,,,,,,,,,,,,,,,,,,
1,Cue,1,0.2,,6,13,Green,90,,,,,,,,,,,,,,,,,,,,,,,,,
1,Cue,1,0.2,,6,14,Blue,51,,,,,,,,,,,,,,,,,,,,,,,,,
1,Cue,1,0.2,,7,1,Intens,100,,,,,,,,,,,,,,,,,,,,,,,,,
1,Cue,1,0.2,,7,12,Red,40,,,,,,,,,,,,,,,,,,,,,,,,,
1,Cue,1,0.2,,7,13,Green,90,,,,,,,,,,,,,,,,,,,,,,,,,
1,Cue,1,0.2,,7,14,Blue,51,,,,,,,,,,,,,,,,,,,,,,,,,
1,Cue,1,0.2,,9,1,Intens,100,,,,,,,,,,,,,,,,,,,,,,,,,
1,Cue,1,0.2,,9,12,Red,40,,,,,,,,,,,,,,,,,,,,,,,,,
1,Cue,1,0.2,,9,13,Green,90,,,,,,,,,,,,,,,,,,,,,,,,,
1,Cue,1,0.2,,9,14,Blue,51,,,,,,,,,,,,,,,,,,,,,,,,,
1,Cue,1,0.2,,10,1,Intens,100,,,,,,,,,,,,,,,,,,,,,,,,,
1,Cue,1,0.2,,10,12,Red,40,,,,,,,,,,,,,,,,,,,,,,,,,
1,Cue,1,0.2,,10,13,Green,90,,,,,,,,,,,,,,,,,,,,,,,,,
1,Cue,1,0.2,,10,14,Blue,51,,,,,,,,,,,,,,,,,,,,,,,,,
1,Cue,1,0.2,,11,1,Intens,100,,,,,,,,,,,,,,,,,,,,,,,,,
1,Cue,1,0.2,,11,12,Red,40,,,,,,,,,,,,,,,,,,,,,,,,,
1,Cue,1,0.2,,11,13,Green,90,,,,,,,,,,,,,,,,,,,,,,,,,
1,Cue,1,0.2,,11,14,Blue,51,,,,,,,,,,,,,,,,,,,,,,,,,
1,Cue,1,0.3,,13,1,Intens,100,,,,,,,,,,,,,,,,,,,,,,,,,
1,Cue,1,0.3,,13,12,Red,100,,,,,,,,,,,,,,,,,,,,,,,,,
1,Cue,1,0.3,,13,13,Green,21,,,,,,,,,,,,,,,,,,,,,,,,,
1,Cue,1,0.3,,13,14,Blue,46,,,,,,,,,,,,,,,,,,,,,,,,,
1,Cue,1,0.3,,14,1,Intens,100,,,,,,,,,,,,,,,,,,,,,,,,,
1,Cue,1,0.3,,14,12,Red,59,,,,,,,,,,,,,,,,,,,,,,,,,
1,Cue,1,0.3,,14,13,Green,21,,,,,,,,,,,,,,,,,,,,,,,,,
1,Cue,1,0.3,,14,14,Blue,100,,,,,,,,,,,,,,,,,,,,,,,,,
1,Cue,1,0.3,,15,1,Intens,100,,,,,,,,,,,,,,,,,,,,,,,,,
1,Cue,1,0.3,,15,12,Red,100,,,,,,,,,,,,,,,,,,,,,,,,,
1,Cue,1,0.3,,15,13,Green,21,,,,,,,,,,,,,,,,,,,,,,,,,
1,Cue,1,0.3,,15,14,Blue,46,,,,,,,,,,,,,,,,,,,,,,,,,
1,Cue,1,0.3,,16,1,Intens,100,,,,,,,,,,,,,,,,,,,,,,,,,
1,Cue,1,0.3,,16,12,Red,59,,,,,,,,,,,,,,,,,,,,,,,,,
1,Cue,1,0.3,,16,13,Green,21,,,,,,,,,,,,,,,,,,,,,,,,,
1,Cue,1,0.3,,16,14,Blue,100,,,,,,,,,,,,,,,,,,,,,,,,,
1,Cue,1,0.3,,17,1,Intens,100,,,,,,,,,,,,,,,,,,,,,,,,,
1,Cue,1,0.3,,17,12,Red,100,,,,,,,,,,,,,,,,,,,,,,,,,
1,Cue,1,0.3,,17,13,Green,21,,,,,,,,,,,,,,,,,,,,,,,,,
1,Cue,1,0.3,,37,12,Red,99,,,,,,,,,,,,,,,,,,,,,,,,,
1,Cue,1,0.3,,37,13,Green,0,,,,,,,,,,,,,,,,,,,,,,,,,
1,Cue,1,0.3,,37,14,Blue,0,,,,,,,,,,,,,,,,,,,,,,,,,
1,Cue,1,0.3,,37,50,Indigo,255,,,,,,,,,,,,,,,,,,,,,,,,,
1,Cue,1,0.3,,38,12,Red,255,,,,,,,,,,,,,,,,,,,,,,,,,
1,Cue,1,0.3,,38,13,Green,0,,,,,,,,,,,,,,,,,,,,,,,,,
1,Cue,1,0.3,,38,14,Blue,0,,,,,,,,,,,,,,,,,,,,,,,,,
1,Cue,1,0.3,,38,50,Indigo,25,,,,,,,,,,,,,,,,,,,,,,,,,
1,Cue,1,0.3,,39,12,Red,99,,,,,,,,,,,,,,,,,,,,,,,,,
1,Cue,1,0.3,,39,13,Green,0,,,,,,,,,,,,,,,,,,,,,,,,,
1,Cue,1,0.3,,39,14,Blue,0,,,,,,,,,,,,,,,,,,,,,,,,,
1,Cue,1,0.3,,39,50,Indigo,255,,,,,,,,,,,,,,,,,,,,,,,,,
1,Cue,1,0.3,,40,12,Red,255,,,,,,,,,,,,,,,,,,,,,,,,,
1,Cue,1,0.3,,40,13,Green,0,,,,,,,,,,,,,,,,,,,,,,,,,
1,Cue,1,0.3,,40,14,Blue,0,,,,,,,,,,,,,,,,,,,,,,,,,
1,Cue,1,0.3,,40,50,Indigo,25,,,,,,,,,,,,,,,,,,,,,,,,,
1,Cue,1,0.3,,41,12,Red,99,,,,,,,,,,,,,,,,,,,,,,,,,
1,Cue,1,0.3,,41,13,Green,0,,,,,,,,,,,,,,,,,,,,,,,,,
1,Cue,1,0.3,,41,14,Blue,0,,,,,,,,,,,,,,,,,,,,,,,,,
1,Cue,1,0.3,,41,50,Indigo,255,,,,,,,,,,,,,,,,,,,,,,,,,
1,Cue,1,0.3,,42,12,Red,255,,,,,,,,,,,,,,,,,,,,,,,,,
1,Cue,1,0.3,,42,13,Green,0,,,,,,,,,,,,,,,,,,,,,,,,,
1,Cue,1,0.3,,42,14,Blue,0,,,,,,,,,,,,,,,,,,,,,,,,,
1,Cue,1,0.3,,42,50,Indigo,25,,,,,,,,,,,,,,,,,,,,,,,,,
1,Cue,1,0.3,,31,12,Red,99,,,,,,,,,,,,,,,,,,,,,,,,,
1,Cue,1,0.3,,31,13,Green,0,,,,,,,,,,,,,,,,,,,,,,,,,
1,Cue,1,0.3,,31,14,Blue,0,,,,,,,,,,,,,,,,,,,,,,,,,
1,Cue,1,0.3,,31,50,Indigo,255,,,,,,,,,,,,,,,,,,,,,,,,,
1,Cue,1,0.3,,32,12,Red,255,,,,,,,,,,,,,,,,,,,,,,,,,
1,Cue,1,0.3,,32,13,Green,0,,,,,,,,,,,,,,,,,,,,,,,,,
1,Cue,1,0.3,,32,14,Blue,0,,,,,,,,,,,,,,,,,,,,,,,,,
1,Cue,1,0.3,,32,50,Indigo,25,,,,,,,,,,,,,,,,,,,,,,,,,
1,Cue,1,0.3,,33,12,Red,99,,,,,,,,,,,,,,,,,,,,,,,,,
1,Cue,1,0.3,,33,13,Green,0,,,,,,,,,,,,,,,,,,,,,,,,,
1,Cue,1,0.3,,33,14,Blue,0,,,,,,,,,,,,,,,,,,,,,,,,,
1,Cue,1,0.3,,33,50,Indigo,255,,,,,,,,,,,,,,,,,,,,,,,,,
1,Cue,1,0.3,,34,12,Red,255,,,,,,,,,,,,,,,,,,,,,,,,,
1,Cue,1,0.3,,34,13,Green,0,,,,,,,,,,,,,,,,,,,,,,,,,
1,Cue,1,0.3,,34,14,Blue,0,,,,,,,,,,,,,,,,,,,,,,,,,
1,Cue,1,0.3,,34,50,Indigo,25,,,,,,,,,,,,,,,,,,,,,,,,,
1,Cue,1,0.3,,35,12,Red,99,,,,,,,,,,,,,,,,,,,,,,,,,
1,Cue,1,0.3,,35,13,Green,0,,,,,,,,,,,,,,,,,,,,,,,,,
1,Cue,1,0.3,,35,14,Blue,0,,,,,,,,,,,,,,,,,,,,,,,,,
1,Cue,1,0.3,,35,50,Indigo,255,,,,,,,,,,,,,,,,,,,,,,,,,
1,Cue,1,0.3,,36,12,Red,255,,,,,,,,,,,,,,,,,,,,,,,,,
1,Cue,1,0.3,,36,13,Green,0,,,,,,,,,,,,,,,,,,,,,,,,,
1,Cue,1,0.3,,36,14,Blue,0,,,,,,,,,,,,,,,,,,,,,,,,,
1,Cue,1,0.3,,36,50,Indigo,25,,,,,,,,,,,,,,,,,,,,,,,,,
1,Cue,1,0.3,,36,20675,Lime,0,,,,,,,,,,,,,,,,,,,,,,,,,
1,Cue,1,0.3,,1,1,Intens,100,,,,,,,,,,,,,,,,,,,,,,,,,
1,Cue,1,0.3,,1,12,Red,59,,,,,,,,,,,,,,,,,,,,,,,,,
1,Cue,1,0.3,,1,13,Green,21,,,,,,,,,,,,,,,,,,,,,,,,,
1,Cue,1,0.3,,1,14,Blue,100,,,,,,,,,,,,,,,,,,,,,,,,,
1,Cue,1,0.3,,2,1,Intens,100,,,,,,,,,,,,,,,,,,,,,,,,,
1,Cue,1,0.3,,2,12,Red,100,,,,,,,,,,,,,,,,,,,,,,,,,
1,Cue,1,0.3,,2,13,Green,21,,,,,,,,,,,,,,,,,,,,,,,,,
1,Cue,1,0.3,,2,14,Blue,46,,,,,,,,,,,,,,,,,,,,,,,,,
1,Cue,1,0.3,,3,1,Intens,100,,,,,,,,,,,,,,,,,,,,,,,,,
1,Cue,1,0.3,,3,12,Red,59,,,,,,,,,,,,,,,,,,,,,,,,,
1,Cue,1,0.3,,3,13,Green,21,,,,,,,,,,,,,,,,,,,,,,,,,
1,Cue,1,0.3,,3,14,Blue,100,,,,,,,,,,,,,,,,,,,,,,,,,
1,Cue,1,0.3,,5,1,Intens,100,,,,,,,,,,,,,,,,,,,,,,,,,
1,Cue,1,0.3,,5,12,Red,100,,,,,,,,,,,,,,,,,,,,,,,,,
1,Cue,1,0.3,,5,13,Green,21,,,,,,,,,,,,,,,,,,,,,,,,,
1,Cue,1,0.3,,5,14,Blue,46,,,,,,,,,,,,,,,,,,,,,,,,,
1,Cue,1,0.3,,6,1,Intens,100,,,,,,,,,,,,,,,,,,,,,,,,,
1,Cue,1,0.3,,6,12,Red,59,,,,,,,,,,,,,,,,,,,,,,,,,
1,Cue,1,0.3,,6,13,Green,21,,,,,,,,,,,,,,,,,,,,,,,,,
1,Cue,1,0.3,,6,14,Blue,100,,,,,,,,,,,,,,,,,,,,,,,,,
1,Cue,1,0.3,,7,1,Intens,100,,,,,,,,,,,,,,,,,,,,,,,,,
1,Cue,1,0.3,,7,12,Red,100,,,,,,,,,,,,,,,,,,,,,,,,,
1,Cue,1,0.3,,7,13,Green,21,,,,,,,,,,,,,,,,,,,,,,,,,
1,Cue,1,0.3,,7,14,Blue,46,,,,,,,,,,,,,,,,,,,,,,,,,
1,Cue,1,0.3,,9,1,Intens,100,,,,,,,,,,,,,,,,,,,,,,,,,
1,Cue,1,0.3,,9,12,Red,59,,,,,,,,,,,,,,,,,,,,,,,,,
1,Cue,1,0.3,,9,13,Green,21,,,,,,,,,,,,,,,,,,,,,,,,,
1,Cue,1,0.3,,9,14,Blue,100,,,,,,,,,,,,,,,,,,,,,,,,,
1,Cue,1,0.3,,10,1,Intens,100,,,,,,,,,,,,,,,,,,,,,,,,,
1,Cue,1,0.3,,10,12,Red,100,,,,,,,,,,,,,,,,,,,,,,,,,
1,Cue,1,0.3,,10,13,Green,21,,,,,,,,,,,,,,,,,,,,,,,,,
1,Cue,1,0.3,,10,14,Blue,46,,,,,,,,,,,,,,,,,,,,,,,,,
1,Cue,1,0.3,,11,1,Intens,100,,,,,,,,,,,,,,,,,,,,,,,,,
1,Cue,1,0.3,,11,12,Red,59,,,,,,,,,,,,,,,,,,,,,,,,,
1,Cue,1,0.3,,11,13,Green,21,,,,,,,,,,,,,,,,,,,,,,,,,
1,Cue,1,0.3,,11,14,Blue,100,,,,,,,,,,,,,,,,,,,,,,,,,
1,Cue,1,0.4,,13,1,Intens,100,,,,,,,,,,,,,,,,,,,,,,,,,
1,Cue,1,0.4,,13,12,Red,59,,,,,,,,,,,,,,,,,,,,,,,,,
1,Cue,1,0.4,,13,13,Green,21,,,,,,,,,,,,,,,,,,,,,,,,,
1,Cue,1,0.4,,13,14,Blue,199,,,,,,,,,,,,,,,,,,,,,,,,,
1,Cue,1,0.4,,14,1,Intens,100,,,,,,,,,,,,,,,,,,,,,,,,,
1,Cue,1,0.4,,14,12,Red,100,,,,,,,,,,,,,,,,,,,,,,,,,
1,Cue,1,0.4,,14,13,Green,21,,,,,,,,,,,,,,,,,,,,,,,,,
1,Cue,1,0.4,,14,14,Blue,46,,,,,,,,,,,,,,,,,,,,,,,,,
1,Cue,1,0.4,,15,1,Intens,100,,,,,,,,,,,,,,,,,,,,,,,,,
1,Cue,1,0.4,,15,12,Red,59,,,,,,,,,,,,,,,,,,,,,,,,,
1,Cue,1,0.4,,15,13,Green,21,,,,,,,,,,,,,,,,,,,,,,,,,
1,Cue,1,0.4,,15,14,Blue,100,,,,,,,,,,,,,,,,,,,,,,,,,
1,Cue,1,0.4,,16,1,Intens,100,,,,,,,,,,,,,,,,,,,,,,,,,
1,Cue,1,0.4,,16,12,Red,100,,,,,,,,,,,,,,,,,,,,,,,,,
1,Cue,1,0.4,,16,13,Green,21,,,,,,,,,,,,,,,,,,,,,,,,,
1,Cue,1,0.4,,16,14,Blue,46,,,,,,,,,,,,,,,,,,,,,,,,,
1,Cue,1,0.4,,17,1,Intens,100,,,,,,,,,,,,,,,,,,,,,,,,,
1,Cue,1,0.4,,17,12,Red,59,,,,,,,,,,,,,,,,,,,,,,,,,
1,Cue,1,0.4,,17,13,Green,21,,,,,,,,,,,,,,,,,,,,,,,,,
1,Cue,1,0.4,,37,12,Red,255,,,,,,,,,,,,,,,,,,,,,,,,,
1,Cue,1,0.4,,37,13,Green,0,,,,,,,,,,,,,,,,,,,,,,,,,
1,Cue,1,0.4,,37,14,Blue,0,,,,,,,,,,,,,,,,,,,,,,,,,
1,Cue,1,0.4,,37,50,Indigo,25,,,,,,,,,,,,,,,,,,,,,,,,,
1,Cue,1,0.4,,38,12,Red,99,,,,,,,,,,,,,,,,,,,,,,,,,
1,Cue,1,0.4,,38,13,Green,0,,,,,,,,,,,,,,,,,,,,,,,,,
1,Cue,1,0.4,,38,14,Blue,0,,,,,,,,,,,,,,,,,,,,,,,,,
1,Cue,1,0.4,,38,50,Indigo,255,,,,,,,,,,,,,,,,,,,,,,,,,
1,Cue,1,0.4,,39,12,Red,255,,,,,,,,,,,,,,,,,,,,,,,,,
1,Cue,1,0.4,,39,13,Green,0,,,,,,,,,,,,,,,,,,,,,,,,,
1,Cue,1,0.4,,39,14,Blue,0,,,,,,,,,,,,,,,,,,,,,,,,,
1,Cue,1,0.4,,39,50,Indigo,25,,,,,,,,,,,,,,,,,,,,,,,,,
1,Cue,1,0.4,,40,12,Red,99,,,,,,,,,,,,,,,,,,,,,,,,,
1,Cue,1,0.4,,40,13,Green,0,,,,,,,,,,,,,,,,,,,,,,,,,
1,Cue,1,0.4,,40,14,Blue,0,,,,,,,,,,,,,,,,,,,,,,,,,
1,Cue,1,0.4,,40,50,Indigo,255,,,,,,,,,,,,,,,,,,,,,,,,,
1,Cue,1,0.4,,41,12,Red,255,,,,,,,,,,,,,,,,,,,,,,,,,
1,Cue,1,0.4,,41,13,Green,0,,,,,,,,,,,,,,,,,,,,,,,,,
1,Cue,1,0.4,,41,14,Blue,0,,,,,,,,,,,,,,,,,,,,,,,,,
1,Cue,1,0.4,,41,50,Indigo,25,,,,,,,,,,,,,,,,,,,,,,,,,
1,Cue,1,0.4,,42,12,Red,99,,,,,,,,,,,,,,,,,,,,,,,,,
1,Cue,1,0.4,,42,13,Green,0,,,,,,,,,,,,,,,,,,,,,,,,,
1,Cue,1,0.4,,42,14,Blue,0,,,,,,,,,,,,,,,,,,,,,,,,,
1,Cue,1,0.4,,42,50,Indigo,255,,,,,,,,,,,,,,,,,,,,,,,,,
1,Cue,1,0.4,,31,12,Red,255,,,,,,,,,,,,,,,,,,,,,,,,,
1,Cue,1,0.4,,31,13,Green,0,,,,,,,,,,,,,,,,,,,,,,,,,
1,Cue,1,0.4,,31,14,Blue,0,,,,,,,,,,,,,,,,,,,,,,,,,
1,Cue,1,0.4,,31,50,Indigo,25,,,,,,,,,,,,,,,,,,,,,,,,,
1,Cue,1,0.4,,32,12,Red,99,,,,,,,,,,,,,,,,,,,,,,,,,
1,Cue,1,0.4,,32,13,Green,0,,,,,,,,,,,,,,,,,,,,,,,,,
1,Cue,1,0.4,,32,14,Blue,0,,,,,,,,,,,,,,,,,,,,,,,,,
1,Cue,1,0.4,,32,50,Indigo,255,,,,,,,,,,,,,,,,,,,,,,,,,
1,Cue,1,0.4,,33,12,Red,255,,,,,,,,,,,,,,,,,,,,,,,,,
1,Cue,1,0.4,,33,13,Green,0,,,,,,,,,,,,,,,,,,,,,,,,,
1,Cue,1,0.4,,33,14,Blue,0,,,,,,,,,,,,,,,,,,,,,,,,,
1,Cue,1,0.4,,33,50,Indigo,25,,,,,,,,,,,,,,,,,,,,,,,,,
1,Cue,1,0.4,,34,12,Red,99,,,,,,,,,,,,,,,,,,,,,,,,,
1,Cue,1,0.4,,34,13,Green,0,,,,,,,,,,,,,,,,,,,,,,,,,
1,Cue,1,0.4,,34,14,Blue,0,,,,,,,,,,,,,,,,,,,,,,,,,
1,Cue,1,0.4,,34,50,Indigo,255,,,,,,,,,,,,,,,,,,,,,,,,,
1,Cue,1,0.4,,35,12,Red,255,,,,,,,,,,,,,,,,,,,,,,,,,
1,Cue,1,0.4,,35,13,Green,0,,,,,,,,,,,,,,,,,,,,,,,,,
1,Cue,1,0.4,,35,14,Blue,0,,,,,,,,,,,,,,,,,,,,,,,,,
1,Cue,1,0.4,,35,50,Indigo,25,,,,,,,,,,,,,,,,,,,,,,,,,
1,Cue,1,0.4,,36,12,Red,99,,,,,,,,,,,,,,,,,,,,,,,,,
1,Cue,1,0.4,,36,13,Green,0,,,,,,,,,,,,,,,,,,,,,,,,,
1,Cue,1,0.4,,36,14,Blue,0,,,,,,,,,,,,,,,,,,,,,,,,,
1,Cue,1,0.4,,36,50,Indigo,255,,,,,,,,,,,,,,,,,,,,,,,,,
1,Cue,1,0.4,,36,20675,Lime,0,,,,,,,,,,,,,,,,,,,,,,,,,
1,Cue,1,0.4,,1,1,Intens,100,,,,,,,,,,,,,,,,,,,,,,,,,
1,Cue,1,0.4,,1,12,Red,100,,,,,,,,,,,,,,,,,,,,,,,,,
1,Cue,1,0.4,,1,13,Green,21,,,,,,,,,,,,,,,,,,,,,,,,,
1,Cue,1,0.4,,1,14,Blue,46,,,,,,,,,,,,,,,,,,,,,,,,,
1,Cue,1,0.4,,2,1,Intens,100,,,,,,,,,,,,,,,,,,,,,,,,,
1,Cue,1,0.4,,2,12,Red,59,,,,,,,,,,,,,,,,,,,,,,,,,
1,Cue,1,0.4,,2,13,Green,21,,,,,,,,,,,,,,,,,,,,,,,,,
1,Cue,1,0.4,,2,14,Blue,100,,,,,,,,,,,,,,,,,,,,,,,,,
1,Cue,1,0.4,,3,1,Intens,100,,,,,,,,,,,,,,,,,,,,,,,,,
1,Cue,1,0.4,,3,12,Red,100,,,,,,,,,,,,,,,,,,,,,,,,,
1,Cue,1,0.4,,3,13,Green,21,,,,,,,,,,,,,,,,,,,,,,,,,
1,Cue,1,0.4,,3,14,Blue,46,,,,,,,,,,,,,,,,,,,,,,,,,
1,Cue,1,0.4,,5,1,Intens,100,,,,,,,,,,,,,,,,,,,,,,,,,
1,Cue,1,0.4,,5,12,Red,59,,,,,,,,,,,,,,,,,,,,,,,,,
1,Cue,1,0.4,,5,13,Green,21,,,,,,,,,,,,,,,,,,,,,,,,,
1,Cue,1,0.4,,5,14,Blue,100,,,,,,,,,,,,,,,,,,,,,,,,,
1,Cue,1,0.4,,6,1,Intens,100,,,,,,,,,,,,,,,,,,,,,,,,,
1,Cue,1,0.4,,6,12,Red,100,,,,,,,,,,,,,,,,,,,,,,,,,
1,Cue,1,0.4,,6,13,Green,21,,,,,,,,,,,,,,,,,,,,,,,,,
1,Cue,1,0.4,,6,14,Blue,46,,,,,,,,,,,,,,,,,,,,,,,,,
1,Cue,1,0.4,,7,1,Intens,100,,,,,,,,,,,,,,,,,,,,,,,,,
1,Cue,1,0.4,,7,12,Red,59,,,,,,,,,,,,,,,,,,,,,,,,,
1,Cue,1,0.4,,7,13,Green,21,,,,,,,,,,,,,,,,,,,,,,,,,
1,Cue,1,0.4,,7,14,Blue,100,,,,,,,,,,,,,,,,,,,,,,,,,
1,Cue,1,0.4,,9,1,Intens,100,,,,,,,,,,,,,,,,,,,,,,,,,
1,Cue,1,0.4,,9,12,Red,100,,,,,,,,,,,,,,,,,,,,,,,,,
1,Cue,1,0.4,,9,13,Green,21,,,,,,,,,,,,,,,,,,,,,,,,,
1,Cue,1,0.4,,9,14,Blue,46,,,,,,,,,,,,,,,,,,,,,,,,,
1,Cue,1,0.4,,10,1,Intens,100,,,,,,,,,,,,,,,,,,,,,,,,,
1,Cue,1,0.4,,10,12,Red,59,,,,,,,,,,,,,,,,,,,,,,,,,
1,Cue,1,0.4,,10,13,Green,21,,,,,,,,,,,,,,,,,,,,,,,,,
1,Cue,1,0.4,,10,14,Blue,100,,,,,,,,,,,,,,,,,,,,,,,,,
1,Cue,1,0.4,,11,1,Intens,100,,,,,,,,,,,,,,,,,,,,,,,,,
1,Cue,1,0.4,,11,12,Red,100,,,,,,,,,,,,,,,,,,,,,,,,,
1,Cue,1,0.4,,11,13,Green,21,,,,,,,,,,,,,,,,,,,,,,,,,
1,Cue,1,0.4,,11,14,Blue,46,,,,,,,,,,,,,,,,,,,,,,,,,
1,Cue,1,0.5,,13,1,Intens,75,,,,,,,,,,,,,,,,,,,,,,,,,
1,Cue,1,0.5,,13,12,Red,89,,,,,,,,,,,,,,,,,,,,,,,,,
1,Cue,1,0.5,,13,13,Green,29,,,,,,,,,,,,,,,,,,,,,,,,,
1,Cue,1,0.5,,13,14,Blue,55,,,,,,,,,,,,,,,,,,,,,,,,,
1,Cue,1,0.5,,14,1,Intens,75,,,,,,,,,,,,,,,,,,,,,,,,,
1,Cue,1,0.5,,14,12,Red,89,,,,,,,,,,,,,,,,,,,,,,,,,
1,Cue,1,0.5,,14,13,Green,29,,,,,,,,,,,,,,,,,,,,,,,,,
1,Cue,1,0.5,,14,14,Blue,55,,,,,,,,,,,,,,,,,,,,,,,,,
1,Cue,1,0.5,,15,1,Intens,75,,,,,,,,,,,,,,,,,,,,,,,,,
1,Cue,1,0.5,,15,12,Red,89,,,,,,,,,,,,,,,,,,,,,,,,,
1,Cue,1,0.5,,15,13,Green,29,,,,,,,,,,,,,,,,,,,,,,,,,
1,Cue,1,0.5,,15,14,Blue,55,,,,,,,,,,,,,,,,,,,,,,,,,
1,Cue,1,0.5,,16,1,Intens,75,,,,,,,,,,,,,,,,,,,,,,,,,
1,Cue,1,0.5,,16,12,Red,89,,,,,,,,,,,,,,,,,,,,,,,,,
1,Cue,1,0.5,,16,13,Green,29,,,,,,,,,,,,,,,,,,,,,,,,,
1,Cue,1,0.5,,16,14,Blue,55,,,,,,,,,,,,,,,,,,,,,,,,,
1,Cue,1,0.5,,17,1,Intens,75,,,,,,,,,,,,,,,,,,,,,,,,,
1,Cue,1,0.5,,17,12,Red,89,,,,,,,,,,,,,,,,,,,,,,,,,
1,Cue,1,0.5,,17,13,Green,29,,,,,,,,,,,,,,,,,,,,,,,,,
1,Cue,1,0.5,,37,12,Red,255,,,,,,,,,,,,,,,,,,,,,,,,,
1,Cue,1,0.5,,37,13,Green,0,,,,,,,,,,,,,,,,,,,,,,,,,
1,Cue,1,0.5,,37,14,Blue,0,,,,,,,,,,,,,,,,,,,,,,,,,
1,Cue,1,0.5,,37,50,Indigo,57,,,,,,,,,,,,,,,,,,,,,,,,,
1,Cue,1,0.5,,38,12,Red,255,,,,,,,,,,,,,,,,,,,,,,,,,
1,Cue,1,0.5,,38,13,Green,0,,,,,,,,,,,,,,,,,,,,,,,,,
1,Cue,1,0.5,,38,14,Blue,0,,,,,,,,,,,,,,,,,,,,,,,,,
1,Cue,1,0.5,,38,50,Indigo,57,,,,,,,,,,,,,,,,,,,,,,,,,
1,Cue,1,0.5,,39,12,Red,255,,,,,,,,,,,,,,,,,,,,,,,,,
1,Cue,1,0.5,,39,13,Green,0,,,,,,,,,,,,,,,,,,,,,,,,,
1,Cue,1,0.5,,39,14,Blue,0,,,,,,,,,,,,,,,,,,,,,,,,,
1,Cue,1,0.5,,39,50,Indigo,57,,,,,,,,,,,,,,,,,,,,,,,,,
1,Cue,1,0.5,,40,12,Red,255,,,,,,,,,,,,,,,,,,,,,,,,,
1,Cue,1,0.5,,40,13,Green,0,,,,,,,,,,,,,,,,,,,,,,,,,
1,Cue,1,0.5,,40,14,Blue,0,,,,,,,,,,,,,,,,,,,,,,,,,
1,Cue,1,0.5,,40,50,Indigo,57,,,,,,,,,,,,,,,,,,,,,,,,,
1,Cue,1,0.5,,41,12,Red,255,,,,,,,,,,,,,,,,,,,,,,,,,
1,Cue,1,0.5,,41,13,Green,0,,,,,,,,,,,,,,,,,,,,,,,,,
1,Cue,1,0.5,,41,14,Blue,0,,,,,,,,,,,,,,,,,,,,,,,,,
1,Cue,1,0.5,,41,50,Indigo,57,,,,,,,,,,,,,,,,,,,,,,,,,
1,Cue,1,0.5,,42,12,Red,255,,,,,,,,,,,,,,,,,,,,,,,,,
1,Cue,1,0.5,,42,13,Green,0,,,,,,,,,,,,,,,,,,,,,,,,,
1,Cue,1,0.5,,42,14,Blue,0,,,,,,,,,,,,,,,,,,,,,,,,,
1,Cue,1,0.5,,42,50,Indigo,57,,,,,,,,,,,,,,,,,,,,,,,,,
1,Cue,1,0.5,,31,12,Red,255,,,,,,,,,,,,,,,,,,,,,,,,,
1,Cue,1,0.5,,31,13,Green,0,,,,,,,,,,,,,,,,,,,,,,,,,
1,Cue,1,0.5,,31,14,Blue,0,,,,,,,,,,,,,,,,,,,,,,,,,
1,Cue,1,0.5,,31,50,Indigo,57,,,,,,,,,,,,,,,,,,,,,,,,,
1,Cue,1,0.5,,32,12,Red,255,,,,,,,,,,,,,,,,,,,,,,,,,
1,Cue,1,0.5,,32,13,Green,0,,,,,,,,,,,,,,,,,,,,,,,,,
1,Cue,1,0.5,,32,14,Blue,0,,,,,,,,,,,,,,,,,,,,,,,,,
1,Cue,1,0.5,,32,50,Indigo,57,,,,,,,,,,,,,,,,,,,,,,,,,
1,Cue,1,0.5,,33,12,Red,255,,,,,,,,,,,,,,,,,,,,,,,,,
1,Cue,1,0.5,,33,13,Green,0,,,,,,,,,,,,,,,,,,,,,,,,,
1,Cue,1,0.5,,33,14,Blue,0,,,,,,,,,,,,,,,,,,,,,,,,,
1,Cue,1,0.5,,33,50,Indigo,57,,,,,,,,,,,,,,,,,,,,,,,,,
1,Cue,1,0.5,,34,12,Red,255,,,,,,,,,,,,,,,,,,,,,,,,,
1,Cue,1,0.5,,34,13,Green,0,,,,,,,,,,,,,,,,,,,,,,,,,
1,Cue,1,0.5,,34,14,Blue,0,,,,,,,,,,,,,,,,,,,,,,,,,
1,Cue,1,0.5,,34,50,Indigo,57,,,,,,,,,,,,,,,,,,,,,,,,,
1,Cue,1,0.5,,35,12,Red,255,,,,,,,,,,,,,,,,,,,,,,,,,
1,Cue,1,0.5,,35,13,Green,0,,,,,,,,,,,,,,,,,,,,,,,,,
1,Cue,1,0.5,,35,14,Blue,0,,,,,,,,,,,,,,,,,,,,,,,,,
1,Cue,1,0.5,,35,50,Indigo,57,,,,,,,,,,,,,,,,,,,,,,,,,
1,Cue,1,0.5,,36,12,Red,255,,,,,,,,,,,,,,,,,,,,,,,,,
1,Cue,1,0.5,,36,13,Green,0,,,,,,,,,,,,,,,,,,,,,,,,,
1,Cue,1,0.5,,36,14,Blue,0,,,,,,,,,,,,,,,,,,,,,,,,,
1,Cue,1,0.5,,36,50,Indigo,57,,,,,,,,,,,,,,,,,,,,,,,,,
1,Cue,1,0.5,,36,20675,Lime,0,,,,,,,,,,,,,,,,,,,,,,,,,
1,Cue,1,0.5,,1,1,Intens,75,,,,,,,,,,,,,,,,,,,,,,,,,
1,Cue,1,0.5,,1,12,Red,89,,,,,,,,,,,,,,,,,,,,,,,,,
1,Cue,1,0.5,,1,13,Green,29,,,,,,,,,,,,,,,,,,,,,,,,,
1,Cue,1,0.5,,1,14,Blue,55,,,,,,,,,,,,,,,,,,,,,,,,,
1,Cue,1,0.5,,2,1,Intens,75,,,,,,,,,,,,,,,,,,,,,,,,,
1,Cue,1,0.5,,2,12,Red,89,,,,,,,,,,,,,,,,,,,,,,,,,
1,Cue,1,0.5,,2,13,Green,29,,,,,,,,,,,,,,,,,,,,,,,,,
1,Cue,1,0.5,,2,14,Blue,55,,,,,,,,,,,,,,,,,,,,,,,,,
1,Cue,1,0.5,,3,1,Intens,75,,,,,,,,,,,,,,,,,,,,,,,,,
1,Cue,1,0.5,,3,12,Red,89,,,,,,,,,,,,,,,,,,,,,,,,,
1,Cue,1,0.5,,3,13,Green,29,,,,,,,,,,,,,,,,,,,,,,,,,
1,Cue,1,0.5,,3,14,Blue,55,,,,,,,,,,,,,,,,,,,,,,,,,
1,Cue,1,0.5,,5,1,Intens,75,,,,,,,,,,,,,,,,,,,,,,,,,
1,Cue,1,0.5,,5,12,Red,89,,,,,,,,,,,,,,,,,,,,,,,,,
1,Cue,1,0.5,,5,13,Green,29,,,,,,,,,,,,,,,,,,,,,,,,,
1,Cue,1,0.5,,5,14,Blue,55,,,,,,,,,,,,,,,,,,,,,,,,,
1,Cue,1,0.5,,6,1,Intens,75,,,,,,,,,,,,,,,,,,,,,,,,,
1,Cue,1,0.5,,6,12,Red,89,,,,,,,,,,,,,,,,,,,,,,,,,
1,Cue,1,0.5,,6,13,Green,29,,,,,,,,,,,,,,,,,,,,,,,,,
1,Cue,1,0.5,,6,14,Blue,55,,,,,,,,,,,,,,,,,,,,,,,,,
1,Cue,1,0.5,,7,1,Intens,75,,,,,,,,,,,,,,,,,,,,,,,,,
1,Cue,1,0.5,,7,12,Red,89,,,,,,,,,,,,,,,,,,,,,,,,,
1,Cue,1,0.5,,7,13,Green,29,,,,,,,,,,,,,,,,,,,,,,,,,
1,Cue,1,0.5,,7,14,Blue,55,,,,,,,,,,,,,,,,,,,,,,,,,
1,Cue,1,0.5,,9,1,Intens,75,,,,,,,,,,,,,,,,,,,,,,,,,
1,Cue,1,0.5,,9,12,Red,89,,,,,,,,,,,,,,,,,,,,,,,,,
1,Cue,1,0.5,,9,13,Green,29,,,,,,,,,,,,,,,,,,,,,,,,,
1,Cue,1,0.5,,9,14,Blue,55,,,,,,,,,,,,,,,,,,,,,,,,,
1,Cue,1,0.5,,10,1,Intens,75,,,,,,,,,,,,,,,,,,,,,,,,,
1,Cue,1,0.5,,10,12,Red,89,,,,,,,,,,,,,,,,,,,,,,,,,
1,Cue,1,0.5,,10,13,Green,29,,,,,,,,,,,,,,,,,,,,,,,,,
1,Cue,1,0.5,,10,14,Blue,55,,,,,,,,,,,,,,,,,,,,,,,,,
1,Cue,1,0.5,,11,1,Intens,75,,,,,,,,,,,,,,,,,,,,,,,,,
1,Cue,1,0.5,,11,12,Red,89,,,,,,,,,,,,,,,,,,,,,,,,,
1,Cue,1,0.5,,11,13,Green,29,,,,,,,,,,,,,,,,,,,,,,,,,
1,Cue,1,0.5,,11,14,Blue,55,,,,,,,,,,,,,,,,,,,,,,,,,
1,Cue,1,0.6,,13,1,Intens,100,,,,,,,,,,,,,,,,,,,,,,,,,
1,Cue,1,0.6,,13,12,Red,75,,,,,,,,,,,,,,,,,,,,,,,,,
1,Cue,1,0.6,,13,13,Green,0,,,,,,,,,,,,,,,,,,,,,,,,,
1,Cue,1,0.6,,13,14,Blue,20,,,,,,,,,,,,,,,,,,,,,,,,,
1,Cue,1,0.6,,14,1,Intens,100,,,,,,,,,,,,,,,,,,,,,,,,,
1,Cue,1,0.6,,14,12,Red,75,,,,,,,,,,,,,,,,,,,,,,,,,
1,Cue,1,0.6,,14,13,Green,0,,,,,,,,,,,,,,,,,,,,,,,,,
1,Cue,1,0.6,,14,14,Blue,20,,,,,,,,,,,,,,,,,,,,,,,,,
1,Cue,1,0.6,,15,1,Intens,100,,,,,,,,,,,,,,,,,,,,,,,,,
1,Cue,1,0.6,,15,12,Red,75,,,,,,,,,,,,,,,,,,,,,,,,,
1,Cue,1,0.6,,15,13,Green,0,,,,,,,,,,,,,,,,,,,,,,,,,
1,Cue,1,0.6,,15,14,Blue,20,,,,,,,,,,,,,,,,,,,,,,,,,
1,Cue,1,0.6,,16,1,Intens,100,,,,,,,,,,,,,,,,,,,,,,,,,
1,Cue,1,0.6,,16,12,Red,75,,,,,,,,,,,,,,,,,,,,,,,,,
1,Cue,1,0.6,,16,13,Green,0,,,,,,,,,,,,,,,,,,,,,,,,,
1,Cue,1,0.6,,16,14,Blue,20,,,,,,,,,,,,,,,,,,,,,,,,,
1,Cue,1,0.6,,17,1,Intens,100,,,,,,,,,,,,,,,,,,,,,,,,,
1,Cue,1,0.6,,17,12,Red,75,,,,,,,,,,,,,,,,,,,,,,,,,
1,Cue,1,0.6,,17,13,Green,0,,,,,,,,,,,,,,,,,,,,,,,,,
1,Cue,1,0.6,,37,12,Red,255,,,,,,,,,,,,,,,,,,,,,,,,,
1,Cue,1,0.6,,37,13,Green,0,,,,,,,,,,,,,,,,,,,,,,,,,
1,Cue,1,0.6,,37,14,Blue,0,,,,,,,,,,,,,,,,,,,,,,,,,
1,Cue,1,0.6,,37,50,Indigo,2,,,,,,,,,,,,,,,,,,,,,,,,,
1,Cue,1,0.6,,38,12,Red,255,,,,,,,,,,,,,,,,,,,,,,,,,
1,Cue,1,0.6,,38,13,Green,0,,,,,,,,,,,,,,,,,,,,,,,,,
1,Cue,1,0.6,,38,14,Blue,0,,,,,,,,,,,,,,,,,,,,,,,,,
1,Cue,1,0.6,,38,50,Indigo,2,,,,,,,,,,,,,,,,,,,,,,,,,
1,Cue,1,0.6,,39,12,Red,255,,,,,,,,,,,,,,,,,,,,,,,,,
1,Cue,1,0.6,,39,13,Green,0,,,,,,,,,,,,,,,,,,,,,,,,,
1,Cue,1,0.6,,39,14,Blue,0,,,,,,,,,,,,,,,,,,,,,,,,,
1,Cue,1,0.6,,39,50,Indigo,2,,,,,,,,,,,,,,,,,,,,,,,,,
1,Cue,1,0.6,,40,12,Red,255,,,,,,,,,,,,,,,,,,,,,,,,,
1,Cue,1,0.6,,40,13,Green,0,,,,,,,,,,,,,,,,,,,,,,,,,
1,Cue,1,0.6,,40,14,Blue,0,,,,,,,,,,,,,,,,,,,,,,,,,
1,Cue,1,0.6,,40,50,Indigo,2,,,,,,,,,,,,,,,,,,,,,,,,,
1,Cue,1,0.6,,41,12,Red,255,,,,,,,,,,,,,,,,,,,,,,,,,
1,Cue,1,0.6,,41,13,Green,0,,,,,,,,,,,,,,,,,,,,,,,,,
1,Cue,1,0.6,,41,14,Blue,0,,,,,,,,,,,,,,,,,,,,,,,,,
1,Cue,1,0.6,,41,50,Indigo,2,,,,,,,,,,,,,,,,,,,,,,,,,
1,Cue,1,0.6,,42,12,Red,255,,,,,,,,,,,,,,,,,,,,,,,,,
1,Cue,1,0.6,,42,13,Green,0,,,,,,,,,,,,,,,,,,,,,,,,,
1,Cue,1,0.6,,42,14,Blue,0,,,,,,,,,,,,,,,,,,,,,,,,,
1,Cue,1,0.6,,42,50,Indigo,2,,,,,,,,,,,,,,,,,,,,,,,,,
1,Cue,1,0.6,,31,12,Red,255,,,,,,,,,,,,,,,,,,,,,,,,,
1,Cue,1,0.6,,31,13,Green,0,,,,,,,,,,,,,,,,,,,,,,,,,
1,Cue,1,0.6,,31,14,Blue,0,,,,,,,,,,,,,,,,,,,,,,,,,
1,Cue,1,0.6,,31,50,Indigo,2,,,,,,,,,,,,,,,,,,,,,,,,,
1,Cue,1,0.6,,32,12,Red,255,,,,,,,,,,,,,,,,,,,,,,,,,
1,Cue,1,0.6,,32,13,Green,0,,,,,,,,,,,,,,,,,,,,,,,,,
1,Cue,1,0.6,,32,14,Blue,0,,,,,,,,,,,,,,,,,,,,,,,,,
1,Cue,1,0.6,,32,50,Indigo,2,,,,,,,,,,,,,,,,,,,,,,,,,
1,Cue,1,0.6,,33,12,Red,255,,,,,,,,,,,,,,,,,,,,,,,,,
1,Cue,1,0.6,,33,13,Green,0,,,,,,,,,,,,,,,,,,,,,,,,,
1,Cue,1,0.6,,33,14,Blue,0,,,,,,,,,,,,,,,,,,,,,,,,,
1,Cue,1,0.6,,33,50,Indigo,2,,,,,,,,,,,,,,,,,,,,,,,,,
1,Cue,1,0.6,,34,12,Red,255,,,,,,,,,,,,,,,,,,,,,,,,,
1,Cue,1,0.6,,34,13,Green,0,,,,,,,,,,,,,,,,,,,,,,,,,
1,Cue,1,0.6,,34,14,Blue,0,,,,,,,,,,,,,,,,,,,,,,,,,
1,Cue,1,0.6,,34,50,Indigo,2,,,,,,,,,,,,,,,,,,,,,,,,,
1,Cue,1,0.6,,35,12,Red,255,,,,,,,,,,,,,,,,,,,,,,,,,
1,Cue,1,0.6,,35,13,Green,0,,,,,,,,,,,,,,,,,,,,,,,,,
1,Cue,1,0.6,,35,14,Blue,0,,,,,,,,,,,,,,,,,,,,,,,,,
1,Cue,1,0.6,,35,50,Indigo,2,,,,,,,,,,,,,,,,,,,,,,,,,
1,Cue,1,0.6,,36,12,Red,255,,,,,,,,,,,,,,,,,,,,,,,,,
1,Cue,1,0.6,,36,13,Green,0,,,,,,,,,,,,,,,,,,,,,,,,,
1,Cue,1,0.6,,36,14,Blue,0,,,,,,,,,,,,,,,,,,,,,,,,,
1,Cue,1,0.6,,36,50,Indigo,2,,,,,,,,,,,,,,,,,,,,,,,,,
1,Cue,1,0.6,,36,20675,Lime,0,,,,,,,,,,,,,,,,,,,,,,,,,
1,Cue,1,0.6,,1,1,Intens,100,,,,,,,,,,,,,,,,,,,,,,,,,
1,Cue,1,0.6,,1,12,Red,75,,,,,,,,,,,,,,,,,,,,,,,,,
1,Cue,1,0.6,,1,13,Green,0,,,,,,,,,,,,,,,,,,,,,,,,,
1,Cue,1,0.6,,1,14,Blue,20,,,,,,,,,,,,,,,,,,,,,,,,,
1,Cue,1,0.6,,2,1,Intens,100,,,,,,,,,,,,,,,,,,,,,,,,,
1,Cue,1,0.6,,2,12,Red,75,,,,,,,,,,,,,,,,,,,,,,,,,
1,Cue,1,0.6,,2,13,Green,0,,,,,,,,,,,,,,,,,,,,,,,,,
1,Cue,1,0.6,,2,14,Blue,20,,,,,,,,,,,,,,,,,,,,,,,,,
1,Cue,1,0.6,,3,1,Intens,100,,,,,,,,,,,,,,,,,,,,,,,,,
1,Cue,1,0.6,,3,12,Red,75,,,,,,,,,,,,,,,,,,,,,,,,,
1,Cue,1,0.6,,3,13,Green,0,,,,,,,,,,,,,,,,,,,,,,,,,
1,Cue,1,0.6,,3,14,Blue,20,,,,,,,,,,,,,,,,,,,,,,,,,
1,Cue,1,0.6,,5,1,Intens,100,,,,,,,,,,,,,,,,,,,,,,,,,
1,Cue,1,0.6,,5,12,Red,75,,,,,,,,,,,,,,,,,,,,,,,,,
1,Cue,1,0.6,,5,13,Green,0,,,,,,,,,,,,,,,,,,,,,,,,,
1,Cue,1,0.6,,5,14,Blue,20,,,,,,,,,,,,,,,,,,,,,,,,,
1,Cue,1,0.6,,6,1,Intens,100,,,,,,,,,,,,,,,,,,,,,,,,,
1,Cue,1,0.6,,6,12,Red,75,,,,,,,,,,,,,,,,,,,,,,,,,
1,Cue,1,0.6,,6,13,Green,0,,,,,,,,,,,,,,,,,,,,,,,,,
1,Cue,1,0.6,,6,14,Blue,20,,,,,,,,,,,,,,,,,,,,,,,,,
1,Cue,1,0.6,,7,1,Intens,100,,,,,,,,,,,,,,,,,,,,,,,,,
1,Cue,1,0.6,,7,12,Red,75,,,,,,,,,,,,,,,,,,,,,,,,,
1,Cue,1,0.6,,7,13,Green,0,,,,,,,,,,,,,,,,,,,,,,,,,
1,Cue,1,0.6,,7,14,Blue,20,,,,,,,,,,,,,,,,,,,,,,,,,
1,Cue,1,0.6,,9,1,Intens,100,,,,,,,,,,,,,,,,,,,,,,,,,
1,Cue,1,0.6,,9,12,Red,75,,,,,,,,,,,,,,,,,,,,,,,,,
1,Cue,1,0.6,,9,13,Green,0,,,,,,,,,,,,,,,,,,,,,,,,,
1,Cue,1,0.6,,9,14,Blue,20,,,,,,,,,,,,,,,,,,,,,,,,,
1,Cue,1,0.6,,10,1,Intens,100,,,,,,,,,,,,,,,,,,,,,,,,,
1,Cue,1,0.6,,10,12,Red,75,,,,,,,,,,,,,,,,,,,,,,,,,
1,Cue,1,0.6,,10,13,Green,0,,,,,,,,,,,,,,,,,,,,,,,,,
1,Cue,1,0.6,,10,14,Blue,20,,,,,,,,,,,,,,,,,,,,,,,,,
1,Cue,1,0.6,,11,1,Intens,100,,,,,,,,,,,,,,,,,,,,,,,,,
1,Cue,1,0.6,,11,12,Red,75,,,,,,,,,,,,,,,,,,,,,,,,,
1,Cue,1,0.6,,11,13,Green,0,,,,,,,,,,,,,,,,,,,,,,,,,
1,Cue,1,0.6,,11,14,Blue,20,,,,,,,,,,,,,,,,,,,,,,,,,
END_LEVELS,,,,,,,,,,,,,,,,,,,,,,,,,,,,,,,,,
START_TARGETS,,,,,,,,,,,,,,,,,,,,,,,,,,,,,,,,,
TARGET_TYPE,TARGET_TYPE_AS_TEXT,TARGET_LIST_NUMBER,TARGET_ID,TARGET_DCID,PART_NUMBER,LABEL,TIME_DATA,UP_DELAY,DOWN_TIME,DOWN_DELAY,FOCUS_TIME,FOCUS_DELAY,COLOR_TIME,COLOR_DELAY,BEAM_TIME,BEAM_DELAY,DURATION,MARK,BLOCK,ASSERT,ALL_FADE,PREHEAT,FOLLOW,LINK,LOOP,CURVE,RATE,EXTERNAL_LINKS,EFFECTS,MODE,CUE_NOTES,SCENE_TEXT,SCENE_END
END_TARGETS,,,,,,,,,,,,,,,,,,,,,,,,,,,,,,,,,
1,Cue,1,0.0,,,,4,,,,,,,,,,4,,,,,,F12.0,,,,,,,,,,
1,Cue,1,0.0,,,,4,,,,,,,,,,4,,,,,,F12.0,,,,,,,,,,
1,Cue,1,0.0,,,,4,,,,,,,,,,4,,,,,,F12.0,,,,,,,,,,
1,Cue,1,0.0,,,,4,,,,,,,,,,4,,,,,,F12.0,,,,,,,,,,
1,Cue,1,0.0,,,,4,,,,,,,,,,4,,,,,,F12.0,,,,,,,,,,
1,Cue,1,0.0,,,,4,,,,,,,,,,4,,,,,,F12.0,,,,,,,,,,
1,Cue,1,0.0,,,,4,,,,,,,,,,4,,,,,,F12.0,,,,,,,,,,
1,Cue,1,0.0,,,,4,,,,,,,,,,4,,,,,,F12.0,,,,,,,,,,
1,Cue,1,0.0,,,,4,,,,,,,,,,4,,,,,,F12.0,,,,,,,,,,
1,Cue,1,0.0,,,,4,,,,,,,,,,4,,,,,,F12.0,,,,,,,,,,
1,Cue,1,0.0,,,,4,,,,,,,,,,4,,,,,,F12.0,,,,,,,,,,
1,Cue,1,0.0,,,,4,,,,,,,,,,4,,,,,,F12.0,,,,,,,,,,
1,Cue,1,0.0,,,,4,,,,,,,,,,4,,,,,,F12.0,,,,,,,,,,
1,Cue,1,0.0,,,,4,,,,,,,,,,4,,,,,,F12.0,,,,,,,,,,
1,Cue,1,0.0,,,,4,,,,,,,,,,4,,,,,,F12.0,,,,,,,,,,
1,Cue,1,0.0,,,,4,,,,,,,,,,4,,,,,,F12.0,,,,,,,,,,
1,Cue,1,0.0,,,,4,,,,,,,,,,4,,,,,,F12.0,,,,,,,,,,
1,Cue,1,0.0,,,,4,,,,,,,,,,4,,,,,,F12.0,,,,,,,,,,
1,Cue,1,0.0,,,,4,,,,,,,,,,4,,,,,,F12.0,,,,,,,,,,
1,Cue,1,0.0,,,,4,,,,,,,,,,4,,,,,,F12.0,,,,,,,,,,
1,Cue,1,0.0,,,,4,,,,,,,,,,4,,,,,,F12.0,,,,,,,,,,
1,Cue,1,0.0,,,,4,,,,,,,,,,4,,,,,,F12.0,,,,,,,,,,
1,Cue,1,0.0,,,,4,,,,,,,,,,4,,,,,,F12.0,,,,,,,,,,
1,Cue,1,0.0,,,,4,,,,,,,,,,4,,,,,,F12.0,,,,,,,,,,
1,Cue,1,0.0,,,,4,,,,,,,,,,4,,,,,,F12.0,,,,,,,,,,
1,Cue,1,0.0,,,,4,,,,,,,,,,4,,,,,,F12.0,,,,,,,,,,
1,Cue,1,0.0,,,,4,,,,,,,,,,4,,,,,,F12.0,,,,,,,,,,
1,Cue,1,0.0,,,,4,,,,,,,,,,4,,,,,,F12.0,,,,,,,,,,
1,Cue,1,0.0,,,,4,,,,,,,,,,4,,,,,,F12.0,,,,,,,,,,
1,Cue,1,0.0,,,,4,,,,,,,,,,4,,,,,,F12.0,,,,,,,,,,
1,Cue,1,0.0,,,,4,,,,,,,,,,4,,,,,,F12.0,,,,,,,,,,
1,Cue,1,0.0,,,,4,,,,,,,,,,4,,,,,,F12.0,,,,,,,,,,
1,Cue,1,0.0,,,,4,,,,,,,,,,4,,,,,,F12.0,,,,,,,,,,
1,Cue,1,0.0,,,,4,,,,,,,,,,4,,,,,,F12.0,,,,,,,,,,
1,Cue,1,0.0,,,,4,,,,,,,,,,4,,,,,,F12.0,,,,,,,,,,
1,Cue,1,0.0,,,,4,,,,,,,,,,4,,,,,,F12.0,,,,,,,,,,
1,Cue,1,0.0,,,,4,,,,,,,,,,4,,,,,,F12.0,,,,,,,,,,
1,Cue,1,0.0,,,,4,,,,,,,,,,4,,,,,,F12.0,,,,,,,,,,
1,Cue,1,0.0,,,,4,,,,,,,,,,4,,,,,,F12.0,,,,,,,,,,
1,Cue,1,0.0,,,,4,,,,,,,,,,4,,,,,,F12.0,,,,,,,,,,
1,Cue,1,0.0,,,,4,,,,,,,,,,4,,,,,,F12.0,,,,,,,,,,
1,Cue,1,0.0,,,,4,,,,,,,,,,4,,,,,,F12.0,,,,,,,,,,
1,Cue,1,0.0,,,,4,,,,,,,,,,4,,,,,,F12.0,,,,,,,,,,
1,Cue,1,0.0,,,,4,,,,,,,,,,4,,,,,,F12.0,,,,,,,,,,
1,Cue,1,0.0,,,,4,,,,,,,,,,4,,,,,,F12.0,,,,,,,,,,
1,Cue,1,0.0,,,,4,,,,,,,,,,4,,,,,,F12.0,,,,,,,,,,
1,Cue,1,0.0,,,,4,,,,,,,,,,4,,,,,,F12.0,,,,,,,,,,
1,Cue,1,0.0,,,,4,,,,,,,,,,4,,,,,,F12.0,,,,,,,,,,
1,Cue,1,0.0,,,,4,,,,,,,,,,4,,,,,,F12.0,,,,,,,,,,
1,Cue,1,0.0,,,,4,,,,,,,,,,4,,,,,,F12.0,,,,,,,,,,
1,Cue,1,0.0,,,,4,,,,,,,,,,4,,,,,,F12.0,,,,,,,,,,
1,Cue,1,0.0,,,,4,,,,,,,,,,4,,,,,,F12.0,,,,,,,,,,
1,Cue,1,0.0,,,,4,,,,,,,,,,4,,,,,,F12.0,,,,,,,,,,
1,Cue,1,0.0,,,,4,,,,,,,,,,4,,,,,,F12.0,,,,,,,,,,
1,Cue,1,0.0,,,,4,,,,,,,,,,4,,,,,,F12.0,,,,,,,,,,
1,Cue,1,0.0,,,,4,,,,,,,,,,4,,,,,,F12.0,,,,,,,,,,
1,Cue,1,0.0,,,,4,,,,,,,,,,4,,,,,,F12.0,,,,,,,,,,
1,Cue,1,0.0,,,,4,,,,,,,,,,4,,,,,,F12.0,,,,,,,,,,
1,Cue,1,0.0,,,,4,,,,,,,,,,4,,,,,,F12.0,,,,,,,,,,
1,Cue,1,0.0,,,,4,,,,,,,,,,4,,,,,,F12.0,,,,,,,,,,
1,Cue,1,0.0,,,,4,,,,,,,,,,4,,,,,,F12.0,,,,,,,,,,
1,Cue,1,0.0,,,,4,,,,,,,,,,4,,,,,,F12.0,,,,,,,,,,
1,Cue,1,0.0,,,,4,,,,,,,,,,4,,,,,,F12.0,,,,,,,,,,
1,Cue,1,0.0,,,,4,,,,,,,,,,4,,,,,,F12.0,,,,,,,,,,
1,Cue,1,0.0,,,,4,,,,,,,,,,4,,,,,,F12.0,,,,,,,,,,
1,Cue,1,0.0,,,,4,,,,,,,,,,4,,,,,,F12.0,,,,,,,,,,
1,Cue,1,0.0,,,,4,,,,,,,,,,4,,,,,,F12.0,,,,,,,,,,
1,Cue,1,0.0,,,,4,,,,,,,,,,4,,,,,,F12.0,,,,,,,,,,
1,Cue,1,0.0,,,,4,,,,,,,,,,4,,,,,,F12.0,,,,,,,,,,
1,Cue,1,0.0,,,,4,,,,,,,,,,4,,,,,,F12.0,,,,,,,,,,
1,Cue,1,0.0,,,,4,,,,,,,,,,4,,,,,,F12.0,,,,,,,,,,
1,Cue,1,0.0,,,,4,,,,,,,,,,4,,,,,,F12.0,,,,,,,,,,
1,Cue,1,0.0,,,,4,,,,,,,,,,4,,,,,,F12.0,,,,,,,,,,
1,Cue,1,0.0,,,,4,,,,,,,,,,4,,,,,,F12.0,,,,,,,,,,
1,Cue,1,0.0,,,,4,,,,,,,,,,4,,,,,,F12.0,,,,,,,,,,
1,Cue,1,0.0,,,,4,,,,,,,,,,4,,,,,,F12.0,,,,,,,,,,
1,Cue,1,0.0,,,,4,,,,,,,,,,4,,,,,,F12.0,,,,,,,,,,
1,Cue,1,0.0,,,,4,,,,,,,,,,4,,,,,,F12.0,,,,,,,,,,
1,Cue,1,0.0,,,,4,,,,,,,,,,4,,,,,,F12.0,,,,,,,,,,
1,Cue,1,0.0,,,,4,,,,,,,,,,4,,,,,,F12.0,,,,,,,,,,
1,Cue,1,0.0,,,,4,,,,,,,,,,4,,,,,,F12.0,,,,,,,,,,
1,Cue,1,0.0,,,,4,,,,,,,,,,4,,,,,,F12.0,,,,,,,,,,
1,Cue,1,0.0,,,,4,,,,,,,,,,4,,,,,,F12.0,,,,,,,,,,
1,Cue,1,0.0,,,,4,,,,,,,,,,4,,,,,,F12.0,,,,,,,,,,
1,Cue,1,0.0,,,,4,,,,,,,,,,4,,,,,,F12.0,,,,,,,,,,
1,Cue,1,0.0,,,,4,,,,,,,,,,4,,,,,,F12.0,,,,,,,,,,
1,Cue,1,0.0,,,,4,,,,,,,,,,4,,,,,,F12.0,,,,,,,,,,
1,Cue,1,0.0,,,,4,,,,,,,,,,4,,,,,,F12.0,,,,,,,,,,
1,Cue,1,0.0,,,,4,,,,,,,,,,4,,,,,,F12.0,,,,,,,,,,
1,Cue,1,0.0,,,,4,,,,,,,,,,4,,,,,,F12.0,,,,,,,,,,
1,Cue,1,0.0,,,,4,,,,,,,,,,4,,,,,,F12.0,,,,,,,,,,
1,Cue,1,0.0,,,,4,,,,,,,,,,4,,,,,,F12.0,,,,,,,,,,
1,Cue,1,0.0,,,,4,,,,,,,,,,4,,,,,,F12.0,,,,,,,,,,
1,Cue,1,0.0,,,,4,,,,,,,,,,4,,,,,,F12.0,,,,,,,,,,
1,Cue,1,0.0,,,,4,,,,,,,,,,4,,,,,,F12.0,,,,,,,,,,
1,Cue,1,0.0,,,,4,,,,,,,,,,4,,,,,,F12.0,,,,,,,,,,
1,Cue,1,0.0,,,,4,,,,,,,,,,4,,,,,,F12.0,,,,,,,,,,
1,Cue,1,0.0,,,,4,,,,,,,,,,4,,,,,,F12.0,,,,,,,,,,
1,Cue,1,0.0,,,,4,,,,,,,,,,4,,,,,,F12.0,,,,,,,,,,
1,Cue,1,0.0,,,,4,,,,,,,,,,4,,,,,,F12.0,,,,,,,,,,
1,Cue,1,0.0,,,,4,,,,,,,,,,4,,,,,,F12.0,,,,,,,,,,
1,Cue,1,0.0,,,,4,,,,,,,,,,4,,,,,,F12.0,,,,,,,,,,
1,Cue,1,0.0,,,,4,,,,,,,,,,4,,,,,,F12.0,,,,,,,,,,
1,Cue,1,0.0,,,,4,,,,,,,,,,4,,,,,,F12.0,,,,,,,,,,
1,Cue,1,0.1,,,,,,,,,,,,,,,,,,,,F12.0,,,,,,,,,,
1,Cue,1,0.1,,,,,,,,,,,,,,,,,,,,F12.0,,,,,,,,,,
1,Cue,1,0.1,,,,,,,,,,,,,,,,,,,,F12.0,,,,,,,,,,
1,Cue,1,0.1,,,,,,,,,,,,,,,,,,,,F12.0,,,,,,,,,,
1,Cue,1,0.1,,,,,,,,,,,,,,,,,,,,F12.0,,,,,,,,,,
1,Cue,1,0.1,,,,,,,,,,,,,,,,,,,,F12.0,,,,,,,,,,
1,Cue,1,0.1,,,,,,,,,,,,,,,,,,,,F12.0,,,,,,,,,,
1,Cue,1,0.1,,,,,,,,,,,,,,,,,,,,F12.0,,,,,,,,,,
1,Cue,1,0.1,,,,,,,,,,,,,,,,,,,,F12.0,,,,,,,,,,
1,Cue,1,0.1,,,,,,,,,,,,,,,,,,,,F12.0,,,,,,,,,,
1,Cue,1,0.1,,,,,,,,,,,,,,,,,,,,F12.0,,,,,,,,,,
1,Cue,1,0.1,,,,,,,,,,,,,,,,,,,,F12.0,,,,,,,,,,
1,Cue,1,0.1,,,,,,,,,,,,,,,,,,,,F12.0,,,,,,,,,,
1,Cue,1,0.1,,,,,,,,,,,,,,,,,,,,F12.0,,,,,,,,,,
1,Cue,1,0.1,,,,,,,,,,,,,,,,,,,,F12.0,,,,,,,,,,
1,Cue,1,0.1,,,,,,,,,,,,,,,,,,,,F12.0,,,,,,,,,,
1,Cue,1,0.1,,,,,,,,,,,,,,,,,,,,F12.0,,,,,,,,,,
1,Cue,1,0.1,,,,,,,,,,,,,,,,,,,,F12.0,,,,,,,,,,
1,Cue,1,0.1,,,,,,,,,,,,,,,,,,,,F12.0,,,,,,,,,,
1,Cue,1,0.1,,,,,,,,,,,,,,,,,,,,F12.0,,,,,,,,,,
1,Cue,1,0.1,,,,,,,,,,,,,,,,,,,,F12.0,,,,,,,,,,
1,Cue,1,0.1,,,,,,,,,,,,,,,,,,,,F12.0,,,,,,,,,,
1,Cue,1,0.1,,,,,,,,,,,,,,,,,,,,F12.0,,,,,,,,,,
1,Cue,1,0.1,,,,,,,,,,,,,,,,,,,,F12.0,,,,,,,,,,
1,Cue,1,0.1,,,,,,,,,,,,,,,,,,,,F12.0,,,,,,,,,,
1,Cue,1,0.1,,,,,,,,,,,,,,,,,,,,F12.0,,,,,,,,,,
1,Cue,1,0.1,,,,,,,,,,,,,,,,,,,,F12.0,,,,,,,,,,
1,Cue,1,0.1,,,,,,,,,,,,,,,,,,,,F12.0,,,,,,,,,,
1,Cue,1,0.1,,,,,,,,,,,,,,,,,,,,F12.0,,,,,,,,,,
1,Cue,1,0.1,,,,,,,,,,,,,,,,,,,,F12.0,,,,,,,,,,
1,Cue,1,0.1,,,,,,,,,,,,,,,,,,,,F12.0,,,,,,,,,,
1,Cue,1,0.1,,,,,,,,,,,,,,,,,,,,F12.0,,,,,,,,,,
1,Cue,1,0.1,,,,,,,,,,,,,,,,,,,,F12.0,,,,,,,,,,
1,Cue,1,0.1,,,,,,,,,,,,,,,,,,,,F12.0,,,,,,,,,,
1,Cue,1,0.1,,,,,,,,,,,,,,,,,,,,F12.0,,,,,,,,,,
1,Cue,1,0.1,,,,,,,,,,,,,,,,,,,,F12.0,,,,,,,,,,
1,Cue,1,0.1,,,,,,,,,,,,,,,,,,,,F12.0,,,,,,,,,,
1,Cue,1,0.1,,,,,,,,,,,,,,,,,,,,F12.0,,,,,,,,,,
1,Cue,1,0.1,,,,,,,,,,,,,,,,,,,,F12.0,,,,,,,,,,
1,Cue,1,0.1,,,,,,,,,,,,,,,,,,,,F12.0,,,,,,,,,,
1,Cue,1,0.1,,,,,,,,,,,,,,,,,,,,F12.0,,,,,,,,,,
1,Cue,1,0.1,,,,,,,,,,,,,,,,,,,,F12.0,,,,,,,,,,
1,Cue,1,0.1,,,,,,,,,,,,,,,,,,,,F12.0,,,,,,,,,,
1,Cue,1,0.1,,,,,,,,,,,,,,,,,,,,F12.0,,,,,,,,,,
1,Cue,1,0.1,,,,,,,,,,,,,,,,,,,,F12.0,,,,,,,,,,
1,Cue,1,0.1,,,,,,,,,,,,,,,,,,,,F12.0,,,,,,,,,,
1,Cue,1,0.1,,,,,,,,,,,,,,,,,,,,F12.0,,,,,,,,,,
1,Cue,1,0.1,,,,,,,,,,,,,,,,,,,,F12.0,,,,,,,,,,
1,Cue,1,0.1,,,,,,,,,,,,,,,,,,,,F12.0,,,,,,,,,,
1,Cue,1,0.1,,,,,,,,,,,,,,,,,,,,F12.0,,,,,,,,,,
1,Cue,1,0.1,,,,,,,,,,,,,,,,,,,,F12.0,,,,,,,,,,
1,Cue,1,0.1,,,,,,,,,,,,,,,,,,,,F12.0,,,,,,,,,,
1,Cue,1,0.1,,,,,,,,,,,,,,,,,,,,F12.0,,,,,,,,,,
1,Cue,1,0.1,,,,,,,,,,,,,,,,,,,,F12.0,,,,,,,,,,
1,Cue,1,0.1,,,,,,,,,,,,,,,,,,,,F12.0,,,,,,,,,,
1,Cue,1,0.1,,,,,,,,,,,,,,,,,,,,F12.0,,,,,,,,,,
1,Cue,1,0.1,,,,,,,,,,,,,,,,,,,,F12.0,,,,,,,,,,
1,Cue,1,0.1,,,,,,,,,,,,,,,,,,,,F12.0,,,,,,,,,,
1,Cue,1,0.1,,,,,,,,,,,,,,,,,,,,F12.0,,,,,,,,,,
1,Cue,1,0.1,,,,,,,,,,,,,,,,,,,,F12.0,,,,,,,,,,
1,Cue,1,0.1,,,,,,,,,,,,,,,,,,,,F12.0,,,,,,,,,,
1,Cue,1,0.1,,,,,,,,,,,,,,,,,,,,F12.0,,,,,,,,,,
1,Cue,1,0.1,,,,,,,,,,,,,,,,,,,,F12.0,,,,,,,,,,
1,Cue,1,0.1,,,,,,,,,,,,,,,,,,,,F12.0,,,,,,,,,,
1,Cue,1,0.1,,,,,,,,,,,,,,,,,,,,F12.0,,,,,,,,,,
1,Cue,1,0.1,,,,,,,,,,,,,,,,,,,,F12.0,,,,,,,,,,
1,Cue,1,0.1,,,,,,,,,,,,,,,,,,,,F12.0,,,,,,,,,,
1,Cue,1,0.1,,,,,,,,,,,,,,,,,,,,F12.0,,,,,,,,,,
1,Cue,1,0.1,,,,,,,,,,,,,,,,,,,,F12.0,,,,,,,,,,
1,Cue,1,0.1,,,,,,,,,,,,,,,,,,,,F12.0,,,,,,,,,,
1,Cue,1,0.1,,,,,,,,,,,,,,,,,,,,F12.0,,,,,,,,,,
1,Cue,1,0.1,,,,,,,,,,,,,,,,,,,,F12.0,,,,,,,,,,
1,Cue,1,0.1,,,,,,,,,,,,,,,,,,,,F12.0,,,,,,,,,,
1,Cue,1,0.1,,,,,,,,,,,,,,,,,,,,F12.0,,,,,,,,,,
1,Cue,1,0.1,,,,,,,,,,,,,,,,,,,,F12.0,,,,,,,,,,
1,Cue,1,0.1,,,,,,,,,,,,,,,,,,,,F12.0,,,,,,,,,,
1,Cue,1,0.1,,,,,,,,,,,,,,,,,,,,F12.0,,,,,,,,,,
1,Cue,1,0.1,,,,,,,,,,,,,,,,,,,,F12.0,,,,,,,,,,
1,Cue,1,0.1,,,,,,,,,,,,,,,,,,,,F12.0,,,,,,,,,,
1,Cue,1,0.1,,,,,,,,,,,,,,,,,,,,F12.0,,,,,,,,,,
1,Cue,1,0.1,,,,,,,,,,,,,,,,,,,,F12.0,,,,,,,,,,
1,Cue,1,0.1,,,,,,,,,,,,,,,,,,,,F12.0,,,,,,,,,,
1,Cue,1,0.1,,,,,,,,,,,,,,,,,,,,F12.0,,,,,,,,,,
1,Cue,1,0.1,,,,,,,,,,,,,,,,,,,,F12.0,,,,,,,,,,
1,Cue,1,0.1,,,,,,,,,,,,,,,,,,,,F12.0,,,,,,,,,,
1,Cue,1,0.1,,,,,,,,,,,,,,,,,,,,F12.0,,,,,,,,,,
1,Cue,1,0.1,,,,,,,,,,,,,,,,,,,,F12.0,,,,,,,,,,
1,Cue,1,0.1,,,,,,,,,,,,,,,,,,,,F12.0,,,,,,,,,,
1,Cue,1,0.1,,,,,,,,,,,,,,,,,,,,F12.0,,,,,,,,,,
1,Cue,1,0.1,,,,,,,,,,,,,,,,,,,,F12.0,,,,,,,,,,
1,Cue,1,0.1,,,,,,,,,,,,,,,,,,,,F12.0,,,,,,,,,,
1,Cue,1,0.1,,,,,,,,,,,,,,,,,,,,F12.0,,,,,,,,,,
1,Cue,1,0.1,,,,,,,,,,,,,,,,,,,,F12.0,,,,,,,,,,
1,Cue,1,0.1,,,,,,,,,,,,,,,,,,,,F12.0,,,,,,,,,,
1,Cue,1,0.1,,,,,,,,,,,,,,,,,,,,F12.0,,,,,,,,,,
1,Cue,1,0.1,,,,,,,,,,,,,,,,,,,,F12.0,,,,,,,,,,
1,Cue,1,0.1,,,,,,,,,,,,,,,,,,,,F12.0,,,,,,,,,,
1,Cue,1,0.1,,,,,,,,,,,,,,,,,,,,F12.0,,,,,,,,,,
1,Cue,1,0.1,,,,,,,,,,,,,,,,,,,,F12.0,,,,,,,,,,
1,Cue,1,0.1,,,,,,,,,,,,,,,,,,,,F12.0,,,,,,,,,,
1,Cue,1,0.1,,,,,,,,,,,,,,,,,,,,F12.0,,,,,,,,,,
1,Cue,1,0.1,,,,,,,,,,,,,,,,,,,,F12.0,,,,,,,,,,
1,Cue,1,0.1,,,,,,,,,,,,,,,,,,,,F12.0,,,,,,,,,,
1,Cue,1,0.1,,,,,,,,,,,,,,,,,,,,F12.0,,,,,,,,,,
1,Cue,1,0.2,,,,,,,,,,,,,,,,,,,,F8.0,,,,,,,,,,
1,Cue,1,0.2,,,,,,,,,,,,,,,,,,,,F8.0,,,,,,,,,,
1,Cue,1,0.2,,,,,,,,,,,,,,,,,,,,F8.0,,,,,,,,,,
1,Cue,1,0.2,,,,,,,,,,,,,,,,,,,,F8.0,,,,,,,,,,
1,Cue,1,0.2,,,,,,,,,,,,,,,,,,,,F8.0,,,,,,,,,,
1,Cue,1,0.2,,,,,,,,,,,,,,,,,,,,F8.0,,,,,,,,,,
1,Cue,1,0.2,,,,,,,,,,,,,,,,,,,,F8.0,,,,,,,,,,
1,Cue,1,0.2,,,,,,,,,,,,,,,,,,,,F8.0,,,,,,,,,,
1,Cue,1,0.2,,,,,,,,,,,,,,,,,,,,F8.0,,,,,,,,,,
1,Cue,1,0.2,,,,,,,,,,,,,,,,,,,,F8.0,,,,,,,,,,
1,Cue,1,0.2,,,,,,,,,,,,,,,,,,,,F8.0,,,,,,,,,,
1,Cue,1,0.2,,,,,,,,,,,,,,,,,,,,F8.0,,,,,,,,,,
1,Cue,1,0.2,,,,,,,,,,,,,,,,,,,,F8.0,,,,,,,,,,
1,Cue,1,0.2,,,,,,,,,,,,,,,,,,,,F8.0,,,,,,,,,,
1,Cue,1,0.2,,,,,,,,,,,,,,,,,,,,F8.0,,,,,,,,,,
1,Cue,1,0.2,,,,,,,,,,,,,,,,,,,,F8.0,,,,,,,,,,
1,Cue,1,0.2,,,,,,,,,,,,,,,,,,,,F8.0,,,,,,,,,,
1,Cue,1,0.2,,,,,,,,,,,,,,,,,,,,F8.0,,,,,,,,,,
1,Cue,1,0.2,,,,,,,,,,,,,,,,,,,,F8.0,,,,,,,,,,
1,Cue,1,0.2,,,,,,,,,,,,,,,,,,,,F8.0,,,,,,,,,,
1,Cue,1,0.2,,,,,,,,,,,,,,,,,,,,F8.0,,,,,,,,,,
1,Cue,1,0.2,,,,,,,,,,,,,,,,,,,,F8.0,,,,,,,,,,
1,Cue,1,0.2,,,,,,,,,,,,,,,,,,,,F8.0,,,,,,,,,,
1,Cue,1,0.2,,,,,,,,,,,,,,,,,,,,F8.0,,,,,,,,,,
1,Cue,1,0.2,,,,,,,,,,,,,,,,,,,,F8.0,,,,,,,,,,
1,Cue,1,0.2,,,,,,,,,,,,,,,,,,,,F8.0,,,,,,,,,,
1,Cue,1,0.2,,,,,,,,,,,,,,,,,,,,F8.0,,,,,,,,,,
1,Cue,1,0.2,,,,,,,,,,,,,,,,,,,,F8.0,,,,,,,,,,
1,Cue,1,0.2,,,,,,,,,,,,,,,,,,,,F8.0,,,,,,,,,,
1,Cue,1,0.2,,,,,,,,,,,,,,,,,,,,F8.0,,,,,,,,,,
1,Cue,1,0.2,,,,,,,,,,,,,,,,,,,,F8.0,,,,,,,,,,
1,Cue,1,0.2,,,,,,,,,,,,,,,,,,,,F8.0,,,,,,,,,,
1,Cue,1,0.2,,,,,,,,,,,,,,,,,,,,F8.0,,,,,,,,,,
1,Cue,1,0.2,,,,,,,,,,,,,,,,,,,,F8.0,,,,,,,,,,
1,Cue,1,0.2,,,,,,,,,,,,,,,,,,,,F8.0,,,,,,,,,,
1,Cue,1,0.2,,,,,,,,,,,,,,,,,,,,F8.0,,,,,,,,,,
1,Cue,1,0.2,,,,,,,,,,,,,,,,,,,,F8.0,,,,,,,,,,
1,Cue,1,0.2,,,,,,,,,,,,,,,,,,,,F8.0,,,,,,,,,,
1,Cue,1,0.2,,,,,,,,,,,,,,,,,,,,F8.0,,,,,,,,,,
1,Cue,1,0.2,,,,,,,,,,,,,,,,,,,,F8.0,,,,,,,,,,
1,Cue,1,0.2,,,,,,,,,,,,,,,,,,,,F8.0,,,,,,,,,,
1,Cue,1,0.2,,,,,,,,,,,,,,,,,,,,F8.0,,,,,,,,,,
1,Cue,1,0.2,,,,,,,,,,,,,,,,,,,,F8.0,,,,,,,,,,
1,Cue,1,0.2,,,,,,,,,,,,,,,,,,,,F8.0,,,,,,,,,,
1,Cue,1,0.2,,,,,,,,,,,,,,,,,,,,F8.0,,,,,,,,,,
1,Cue,1,0.2,,,,,,,,,,,,,,,,,,,,F8.0,,,,,,,,,,
1,Cue,1,0.2,,,,,,,,,,,,,,,,,,,,F8.0,,,,,,,,,,
1,Cue,1,0.2,,,,,,,,,,,,,,,,,,,,F8.0,,,,,,,,,,
1,Cue,1,0.2,,,,,,,,,,,,,,,,,,,,F8.0,,,,,,,,,,
1,Cue,1,0.2,,,,,,,,,,,,,,,,,,,,F8.0,,,,,,,,,,
1,Cue,1,0.2,,,,,,,,,,,,,,,,,,,,F8.0,,,,,,,,,,
1,Cue,1,0.2,,,,,,,,,,,,,,,,,,,,F8.0,,,,,,,,,,
1,Cue,1,0.2,,,,,,,,,,,,,,,,,,,,F8.0,,,,,,,,,,
1,Cue,1,0.2,,,,,,,,,,,,,,,,,,,,F8.0,,,,,,,,,,
1,Cue,1,0.2,,,,,,,,,,,,,,,,,,,,F8.0,,,,,,,,,,
1,Cue,1,0.2,,,,,,,,,,,,,,,,,,,,F8.0,,,,,,,,,,
1,Cue,1,0.2,,,,,,,,,,,,,,,,,,,,F8.0,,,,,,,,,,
1,Cue,1,0.2,,,,,,,,,,,,,,,,,,,,F8.0,,,,,,,,,,
1,Cue,1,0.2,,,,,,,,,,,,,,,,,,,,F8.0,,,,,,,,,,
1,Cue,1,0.2,,,,,,,,,,,,,,,,,,,,F8.0,,,,,,,,,,
1,Cue,1,0.2,,,,,,,,,,,,,,,,,,,,F8.0,,,,,,,,,,
1,Cue,1,0.2,,,,,,,,,,,,,,,,,,,,F8.0,,,,,,,,,,
1,Cue,1,0.2,,,,,,,,,,,,,,,,,,,,F8.0,,,,,,,,,,
1,Cue,1,0.2,,,,,,,,,,,,,,,,,,,,F8.0,,,,,,,,,,
1,Cue,1,0.2,,,,,,,,,,,,,,,,,,,,F8.0,,,,,,,,,,
1,Cue,1,0.2,,,,,,,,,,,,,,,,,,,,F8.0,,,,,,,,,,
1,Cue,1,0.2,,,,,,,,,,,,,,,,,,,,F8.0,,,,,,,,,,
1,Cue,1,0.2,,,,,,,,,,,,,,,,,,,,F8.0,,,,,,,,,,
1,Cue,1,0.2,,,,,,,,,,,,,,,,,,,,F8.0,,,,,,,,,,
1,Cue,1,0.2,,,,,,,,,,,,,,,,,,,,F8.0,,,,,,,,,,
1,Cue,1,0.2,,,,,,,,,,,,,,,,,,,,F8.0,,,,,,,,,,
1,Cue,1,0.2,,,,,,,,,,,,,,,,,,,,F8.0,,,,,,,,,,
1,Cue,1,0.2,,,,,,,,,,,,,,,,,,,,F8.0,,,,,,,,,,
1,Cue,1,0.2,,,,,,,,,,,,,,,,,,,,F8.0,,,,,,,,,,
1,Cue,1,0.2,,,,,,,,,,,,,,,,,,,,F8.0,,,,,,,,,,
1,Cue,1,0.2,,,,,,,,,,,,,,,,,,,,F8.0,,,,,,,,,,
1,Cue,1,0.2,,,,,,,,,,,,,,,,,,,,F8.0,,,,,,,,,,
1,Cue,1,0.2,,,,,,,,,,,,,,,,,,,,F8.0,,,,,,,,,,
1,Cue,1,0.2,,,,,,,,,,,,,,,,,,,,F8.0,,,,,,,,,,
1,Cue,1,0.2,,,,,,,,,,,,,,,,,,,,F8.0,,,,,,,,,,
1,Cue,1,0.2,,,,,,,,,,,,,,,,,,,,F8.0,,,,,,,,,,
1,Cue,1,0.2,,,,,,,,,,,,,,,,,,,,F8.0,,,,,,,,,,
1,Cue,1,0.2,,,,,,,,,,,,,,,,,,,,F8.0,,,,,,,,,,
1,Cue,1,0.2,,,,,,,,,,,,,,,,,,,,F8.0,,,,,,,,,,
1,Cue,1,0.2,,,,,,,,,,,,,,,,,,,,F8.0,,,,,,,,,,
1,Cue,1,0.2,,,,,,,,,,,,,,,,,,,,F8.0,,,,,,,,,,
1,Cue,1,0.2,,,,,,,,,,,,,,,,,,,,F8.0,,,,,,,,,,
1,Cue,1,0.2,,,,,,,,,,,,,,,,,,,,F8.0,,,,,,,,,,
1,Cue,1,0.2,,,,,,,,,,,,,,,,,,,,F8.0,,,,,,,,,,
1,Cue,1,0.2,,,,,,,,,,,,,,,,,,,,F8.0,,,,,,,,,,
1,Cue,1,0.2,,,,,,,,,,,,,,,,,,,,F8.0,,,,,,,,,,
1,Cue,1,0.2,,,,,,,,,,,,,,,,,,,,F8.0,,,,,,,,,,
1,Cue,1,0.2,,,,,,,,,,,,,,,,,,,,F8.0,,,,,,,,,,
1,Cue,1,0.2,,,,,,,,,,,,,,,,,,,,F8.0,,,,,,,,,,
1,Cue,1,0.2,,,,,,,,,,,,,,,,,,,,F8.0,,,,,,,,,,
1,Cue,1,0.2,,,,,,,,,,,,,,,,,,,,F8.0,,,,,,,,,,
1,Cue,1,0.2,,,,,,,,,,,,,,,,,,,,F8.0,,,,,,,,,,
1,Cue,1,0.2,,,,,,,,,,,,,,,,,,,,F8.0,,,,,,,,,,
1,Cue,1,0.2,,,,,,,,,,,,,,,,,,,,F8.0,,,,,,,,,,
1,Cue,1,0.2,,,,,,,,,,,,,,,,,,,,F8.0,,,,,,,,,,
1,Cue,1,0.2,,,,,,,,,,,,,,,,,,,,F8.0,,,,,,,,,,
1,Cue,1,0.2,,,,,,,,,,,,,,,,,,,,F8.0,,,,,,,,,,
1,Cue,1,0.2,,,,,,,,,,,,,,,,,,,,F8.0,,,,,,,,,,
1,Cue,1,0.2,,,,,,,,,,,,,,,,,,,,F8.0,,,,,,,,,,
1,Cue,1,0.3,,,,,,,,,,,,,,,,,,,,F18.0,,,,,,,,,,
1,Cue,1,0.3,,,,,,,,,,,,,,,,,,,,F18.0,,,,,,,,,,
1,Cue,1,0.3,,,,,,,,,,,,,,,,,,,,F18.0,,,,,,,,,,
1,Cue,1,0.3,,,,,,,,,,,,,,,,,,,,F18.0,,,,,,,,,,
1,Cue,1,0.3,,,,,,,,,,,,,,,,,,,,F18.0,,,,,,,,,,
1,Cue,1,0.3,,,,,,,,,,,,,,,,,,,,F18.0,,,,,,,,,,
1,Cue,1,0.3,,,,,,,,,,,,,,,,,,,,F18.0,,,,,,,,,,
1,Cue,1,0.3,,,,,,,,,,,,,,,,,,,,F18.0,,,,,,,,,,
1,Cue,1,0.3,,,,,,,,,,,,,,,,,,,,F18.0,,,,,,,,,,
1,Cue,1,0.3,,,,,,,,,,,,,,,,,,,,F18.0,,,,,,,,,,
1,Cue,1,0.3,,,,,,,,,,,,,,,,,,,,F18.0,,,,,,,,,,
1,Cue,1,0.3,,,,,,,,,,,,,,,,,,,,F18.0,,,,,,,,,,
1,Cue,1,0.3,,,,,,,,,,,,,,,,,,,,F18.0,,,,,,,,,,
1,Cue,1,0.3,,,,,,,,,,,,,,,,,,,,F18.0,,,,,,,,,,
1,Cue,1,0.3,,,,,,,,,,,,,,,,,,,,F18.0,,,,,,,,,,
1,Cue,1,0.3,,,,,,,,,,,,,,,,,,,,F18.0,,,,,,,,,,
1,Cue,1,0.3,,,,,,,,,,,,,,,,,,,,F18.0,,,,,,,,,,
1,Cue,1,0.3,,,,,,,,,,,,,,,,,,,,F18.0,,,,,,,,,,
1,Cue,1,0.3,,,,,,,,,,,,,,,,,,,,F18.0,,,,,,,,,,
1,Cue,1,0.3,,,,,,,,,,,,,,,,,,,,F18.0,,,,,,,,,,
1,Cue,1,0.3,,,,,,,,,,,,,,,,,,,,F18.0,,,,,,,,,,
1,Cue,1,0.3,,,,,,,,,,,,,,,,,,,,F18.0,,,,,,,,,,
1,Cue,1,0.3,,,,,,,,,,,,,,,,,,,,F18.0,,,,,,,,,,
1,Cue,1,0.3,,,,,,,,,,,,,,,,,,,,F18.0,,,,,,,,,,
1,Cue,1,0.3,,,,,,,,,,,,,,,,,,,,F18.0,,,,,,,,,,
1,Cue,1,0.3,,,,,,,,,,,,,,,,,,,,F18.0,,,,,,,,,,
1,Cue,1,0.3,,,,,,,,,,,,,,,,,,,,F18.0,,,,,,,,,,
1,Cue,1,0.3,,,,,,,,,,,,,,,,,,,,F18.0,,,,,,,,,,
1,Cue,1,0.3,,,,,,,,,,,,,,,,,,,,F18.0,,,,,,,,,,
1,Cue,1,0.3,,,,,,,,,,,,,,,,,,,,F18.0,,,,,,,,,,
1,Cue,1,0.3,,,,,,,,,,,,,,,,,,,,F18.0,,,,,,,,,,
1,Cue,1,0.3,,,,,,,,,,,,,,,,,,,,F18.0,,,,,,,,,,
1,Cue,1,0.3,,,,,,,,,,,,,,,,,,,,F18.0,,,,,,,,,,
1,Cue,1,0.3,,,,,,,,,,,,,,,,,,,,F18.0,,,,,,,,,,
1,Cue,1,0.3,,,,,,,,,,,,,,,,,,,,F18.0,,,,,,,,,,
1,Cue,1,0.3,,,,,,,,,,,,,,,,,,,,F18.0,,,,,,,,,,
1,Cue,1,0.3,,,,,,,,,,,,,,,,,,,,F18.0,,,,,,,,,,
1,Cue,1,0.3,,,,,,,,,,,,,,,,,,,,F18.0,,,,,,,,,,
1,Cue,1,0.3,,,,,,,,,,,,,,,,,,,,F18.0,,,,,,,,,,
1,Cue,1,0.3,,,,,,,,,,,,,,,,,,,,F18.0,,,,,,,,,,
1,Cue,1,0.3,,,,,,,,,,,,,,,,,,,,F18.0,,,,,,,,,,
1,Cue,1,0.3,,,,,,,,,,,,,,,,,,,,F18.0,,,,,,,,,,
1,Cue,1,0.3,,,,,,,,,,,,,,,,,,,,F18.0,,,,,,,,,,
1,Cue,1,0.3,,,,,,,,,,,,,,,,,,,,F18.0,,,,,,,,,,
1,Cue,1,0.3,,,,,,,,,,,,,,,,,,,,F18.0,,,,,,,,,,
1,Cue,1,0.3,,,,,,,,,,,,,,,,,,,,F18.0,,,,,,,,,,
1,Cue,1,0.3,,,,,,,,,,,,,,,,,,,,F18.0,,,,,,,,,,
1,Cue,1,0.3,,,,,,,,,,,,,,,,,,,,F18.0,,,,,,,,,,
1,Cue,1,0.3,,,,,,,,,,,,,,,,,,,,F18.0,,,,,,,,,,
1,Cue,1,0.3,,,,,,,,,,,,,,,,,,,,F18.0,,,,,,,,,,
1,Cue,1,0.3,,,,,,,,,,,,,,,,,,,,F18.0,,,,,,,,,,
1,Cue,1,0.3,,,,,,,,,,,,,,,,,,,,F18.0,,,,,,,,,,
1,Cue,1,0.3,,,,,,,,,,,,,,,,,,,,F18.0,,,,,,,,,,
1,Cue,1,0.3,,,,,,,,,,,,,,,,,,,,F18.0,,,,,,,,,,
1,Cue,1,0.3,,,,,,,,,,,,,,,,,,,,F18.0,,,,,,,,,,
1,Cue,1,0.3,,,,,,,,,,,,,,,,,,,,F18.0,,,,,,,,,,
1,Cue,1,0.3,,,,,,,,,,,,,,,,,,,,F18.0,,,,,,,,,,
1,Cue,1,0.3,,,,,,,,,,,,,,,,,,,,F18.0,,,,,,,,,,
1,Cue,1,0.3,,,,,,,,,,,,,,,,,,,,F18.0,,,,,,,,,,
1,Cue,1,0.3,,,,,,,,,,,,,,,,,,,,F18.0,,,,,,,,,,
1,Cue,1,0.3,,,,,,,,,,,,,,,,,,,,F18.0,,,,,,,,,,
1,Cue,1,0.3,,,,,,,,,,,,,,,,,,,,F18.0,,,,,,,,,,
1,Cue,1,0.3,,,,,,,,,,,,,,,,,,,,F18.0,,,,,,,,,,
1,Cue,1,0.3,,,,,,,,,,,,,,,,,,,,F18.0,,,,,,,,,,
1,Cue,1,0.3,,,,,,,,,,,,,,,,,,,,F18.0,,,,,,,,,,
1,Cue,1,0.3,,,,,,,,,,,,,,,,,,,,F18.0,,,,,,,,,,
1,Cue,1,0.3,,,,,,,,,,,,,,,,,,,,F18.0,,,,,,,,,,
1,Cue,1,0.3,,,,,,,,,,,,,,,,,,,,F18.0,,,,,,,,,,
1,Cue,1,0.3,,,,,,,,,,,,,,,,,,,,F18.0,,,,,,,,,,
1,Cue,1,0.3,,,,,,,,,,,,,,,,,,,,F18.0,,,,,,,,,,
1,Cue,1,0.3,,,,,,,,,,,,,,,,,,,,F18.0,,,,,,,,,,
1,Cue,1,0.3,,,,,,,,,,,,,,,,,,,,F18.0,,,,,,,,,,
1,Cue,1,0.3,,,,,,,,,,,,,,,,,,,,F18.0,,,,,,,,,,
1,Cue,1,0.3,,,,,,,,,,,,,,,,,,,,F18.0,,,,,,,,,,
1,Cue,1,0.3,,,,,,,,,,,,,,,,,,,,F18.0,,,,,,,,,,
1,Cue,1,0.3,,,,,,,,,,,,,,,,,,,,F18.0,,,,,,,,,,
1,Cue,1,0.3,,,,,,,,,,,,,,,,,,,,F18.0,,,,,,,,,,
1,Cue,1,0.3,,,,,,,,,,,,,,,,,,,,F18.0,,,,,,,,,,
1,Cue,1,0.3,,,,,,,,,,,,,,,,,,,,F18.0,,,,,,,,,,
1,Cue,1,0.3,,,,,,,,,,,,,,,,,,,,F18.0,,,,,,,,,,
1,Cue,1,0.3,,,,,,,,,,,,,,,,,,,,F18.0,,,,,,,,,,
1,Cue,1,0.3,,,,,,,,,,,,,,,,,,,,F18.0,,,,,,,,,,
1,Cue,1,0.3,,,,,,,,,,,,,,,,,,,,F18.0,,,,,,,,,,
1,Cue,1,0.3,,,,,,,,,,,,,,,,,,,,F18.0,,,,,,,,,,
1,Cue,1,0.3,,,,,,,,,,,,,,,,,,,,F18.0,,,,,,,,,,
1,Cue,1,0.3,,,,,,,,,,,,,,,,,,,,F18.0,,,,,,,,,,
1,Cue,1,0.3,,,,,,,,,,,,,,,,,,,,F18.0,,,,,,,,,,
1,Cue,1,0.3,,,,,,,,,,,,,,,,,,,,F18.0,,,,,,,,,,
1,Cue,1,0.3,,,,,,,,,,,,,,,,,,,,F18.0,,,,,,,,,,
1,Cue,1,0.3,,,,,,,,,,,,,,,,,,,,F18.0,,,,,,,,,,
1,Cue,1,0.3,,,,,,,,,,,,,,,,,,,,F18.0,,,,,,,,,,
1,Cue,1,0.3,,,,,,,,,,,,,,,,,,,,F18.0,,,,,,,,,,
1,Cue,1,0.3,,,,,,,,,,,,,,,,,,,,F18.0,,,,,,,,,,
1,Cue,1,0.3,,,,,,,,,,,,,,,,,,,,F18.0,,,,,,,,,,
1,Cue,1,0.3,,,,,,,,,,,,,,,,,,,,F18.0,,,,,,,,,,
1,Cue,1,0.3,,,,,,,,,,,,,,,,,,,,F18.0,,,,,,,,,,
1,Cue,1,0.3,,,,,,,,,,,,,,,,,,,,F18.0,,,,,,,,,,
1,Cue,1,0.3,,,,,,,,,,,,,,,,,,,,F18.0,,,,,,,,,,
1,Cue,1,0.3,,,,,,,,,,,,,,,,,,,,F18.0,,,,,,,,,,
1,Cue,1,0.3,,,,,,,,,,,,,,,,,,,,F18.0,,,,,,,,,,
1,Cue,1,0.3,,,,,,,,,,,,,,,,,,,,F18.0,,,,,,,,,,
1,Cue,1,0.3,,,,,,,,,,,,,,,,,,,,F18.0,,,,,,,,,,
1,Cue,1,0.3,,,,,,,,,,,,,,,,,,,,F18.0,,,,,,,,,,
1,Cue,1,0.3,,,,,,,,,,,,,,,,,,,,F18.0,,,,,,,,,,
1,Cue,1,0.4,,,,,,,,,,,,,,,,,,,,F16.0,,,,,,,,,,
1,Cue,1,0.4,,,,,,,,,,,,,,,,,,,,F16.0,,,,,,,,,,
1,Cue,1,0.4,,,,,,,,,,,,,,,,,,,,F16.0,,,,,,,,,,
1,Cue,1,0.4,,,,,,,,,,,,,,,,,,,,F16.0,,,,,,,,,,
1,Cue,1,0.4,,,,,,,,,,,,,,,,,,,,F16.0,,,,,,,,,,
1,Cue,1,0.4,,,,,,,,,,,,,,,,,,,,F16.0,,,,,,,,,,
1,Cue,1,0.4,,,,,,,,,,,,,,,,,,,,F16.0,,,,,,,,,,
1,Cue,1,0.4,,,,,,,,,,,,,,,,,,,,F16.0,,,,,,,,,,
1,Cue,1,0.4,,,,,,,,,,,,,,,,,,,,F16.0,,,,,,,,,,
1,Cue,1,0.4,,,,,,,,,,,,,,,,,,,,F16.0,,,,,,,,,,
1,Cue,1,0.4,,,,,,,,,,,,,,,,,,,,F16.0,,,,,,,,,,
1,Cue,1,0.4,,,,,,,,,,,,,,,,,,,,F16.0,,,,,,,,,,
1,Cue,1,0.4,,,,,,,,,,,,,,,,,,,,F16.0,,,,,,,,,,
1,Cue,1,0.4,,,,,,,,,,,,,,,,,,,,F16.0,,,,,,,,,,
1,Cue,1,0.4,,,,,,,,,,,,,,,,,,,,F16.0,,,,,,,,,,
1,Cue,1,0.4,,,,,,,,,,,,,,,,,,,,F16.0,,,,,,,,,,
1,Cue,1,0.4,,,,,,,,,,,,,,,,,,,,F16.0,,,,,,,,,,
1,Cue,1,0.4,,,,,,,,,,,,,,,,,,,,F16.0,,,,,,,,,,
1,Cue,1,0.4,,,,,,,,,,,,,,,,,,,,F16.0,,,,,,,,,,
1,Cue,1,0.4,,,,,,,,,,,,,,,,,,,,F16.0,,,,,,,,,,
1,Cue,1,0.4,,,,,,,,,,,,,,,,,,,,F16.0,,,,,,,,,,
1,Cue,1,0.4,,,,,,,,,,,,,,,,,,,,F16.0,,,,,,,,,,
1,Cue,1,0.4,,,,,,,,,,,,,,,,,,,,F16.0,,,,,,,,,,
1,Cue,1,0.4,,,,,,,,,,,,,,,,,,,,F16.0,,,,,,,,,,
1,Cue,1,0.4,,,,,,,,,,,,,,,,,,,,F16.0,,,,,,,,,,
1,Cue,1,0.4,,,,,,,,,,,,,,,,,,,,F16.0,,,,,,,,,,
1,Cue,1,0.4,,,,,,,,,,,,,,,,,,,,F16.0,,,,,,,,,,
1,Cue,1,0.4,,,,,,,,,,,,,,,,,,,,F16.0,,,,,,,,,,
1,Cue,1,0.4,,,,,,,,,,,,,,,,,,,,F16.0,,,,,,,,,,
1,Cue,1,0.4,,,,,,,,,,,,,,,,,,,,F16.0,,,,,,,,,,
1,Cue,1,0.4,,,,,,,,,,,,,,,,,,,,F16.0,,,,,,,,,,
1,Cue,1,0.4,,,,,,,,,,,,,,,,,,,,F16.0,,,,,,,,,,
1,Cue,1,0.4,,,,,,,,,,,,,,,,,,,,F16.0,,,,,,,,,,
1,Cue,1,0.4,,,,,,,,,,,,,,,,,,,,F16.0,,,,,,,,,,
1,Cue,1,0.4,,,,,,,,,,,,,,,,,,,,F16.0,,,,,,,,,,
1,Cue,1,0.4,,,,,,,,,,,,,,,,,,,,F16.0,,,,,,,,,,
1,Cue,1,0.4,,,,,,,,,,,,,,,,,,,,F16.0,,,,,,,,,,
1,Cue,1,0.4,,,,,,,,,,,,,,,,,,,,F16.0,,,,,,,,,,
1,Cue,1,0.4,,,,,,,,,,,,,,,,,,,,F16.0,,,,,,,,,,
1,Cue,1,0.4,,,,,,,,,,,,,,,,,,,,F16.0,,,,,,,,,,
1,Cue,1,0.4,,,,,,,,,,,,,,,,,,,,F16.0,,,,,,,,,,
1,Cue,1,0.4,,,,,,,,,,,,,,,,,,,,F16.0,,,,,,,,,,
1,Cue,1,0.4,,,,,,,,,,,,,,,,,,,,F16.0,,,,,,,,,,
1,Cue,1,0.4,,,,,,,,,,,,,,,,,,,,F16.0,,,,,,,,,,
1,Cue,1,0.4,,,,,,,,,,,,,,,,,,,,F16.0,,,,,,,,,,
1,Cue,1,0.4,,,,,,,,,,,,,,,,,,,,F16.0,,,,,,,,,,
1,Cue,1,0.4,,,,,,,,,,,,,,,,,,,,F16.0,,,,,,,,,,
1,Cue,1,0.4,,,,,,,,,,,,,,,,,,,,F16.0,,,,,,,,,,
1,Cue,1,0.4,,,,,,,,,,,,,,,,,,,,F16.0,,,,,,,,,,
1,Cue,1,0.4,,,,,,,,,,,,,,,,,,,,F16.0,,,,,,,,,,
1,Cue,1,0.4,,,,,,,,,,,,,,,,,,,,F16.0,,,,,,,,,,
1,Cue,1,0.4,,,,,,,,,,,,,,,,,,,,F16.0,,,,,,,,,,
1,Cue,1,0.4,,,,,,,,,,,,,,,,,,,,F16.0,,,,,,,,,,
1,Cue,1,0.4,,,,,,,,,,,,,,,,,,,,F16.0,,,,,,,,,,
1,Cue,1,0.4,,,,,,,,,,,,,,,,,,,,F16.0,,,,,,,,,,
1,Cue,1,0.4,,,,,,,,,,,,,,,,,,,,F16.0,,,,,,,,,,
1,Cue,1,0.4,,,,,,,,,,,,,,,,,,,,F16.0,,,,,,,,,,
1,Cue,1,0.4,,,,,,,,,,,,,,,,,,,,F16.0,,,,,,,,,,
1,Cue,1,0.4,,,,,,,,,,,,,,,,,,,,F16.0,,,,,,,,,,
1,Cue,1,0.4,,,,,,,,,,,,,,,,,,,,F16.0,,,,,,,,,,
1,Cue,1,0.4,,,,,,,,,,,,,,,,,,,,F16.0,,,,,,,,,,
1,Cue,1,0.4,,,,,,,,,,,,,,,,,,,,F16.0,,,,,,,,,,
1,Cue,1,0.4,,,,,,,,,,,,,,,,,,,,F16.0,,,,,,,,,,
1,Cue,1,0.4,,,,,,,,,,,,,,,,,,,,F16.0,,,,,,,,,,
1,Cue,1,0.4,,,,,,,,,,,,,,,,,,,,F16.0,,,,,,,,,,
1,Cue,1,0.4,,,,,,,,,,,,,,,,,,,,F16.0,,,,,,,,,,
1,Cue,1,0.4,,,,,,,,,,,,,,,,,,,,F16.0,,,,,,,,,,
1,Cue,1,0.4,,,,,,,,,,,,,,,,,,,,F16.0,,,,,,,,,,
1,Cue,1,0.4,,,,,,,,,,,,,,,,,,,,F16.0,,,,,,,,,,
1,Cue,1,0.4,,,,,,,,,,,,,,,,,,,,F16.0,,,,,,,,,,
1,Cue,1,0.4,,,,,,,,,,,,,,,,,,,,F16.0,,,,,,,,,,
1,Cue,1,0.4,,,,,,,,,,,,,,,,,,,,F16.0,,,,,,,,,,
1,Cue,1,0.4,,,,,,,,,,,,,,,,,,,,F16.0,,,,,,,,,,
1,Cue,1,0.4,,,,,,,,,,,,,,,,,,,,F16.0,,,,,,,,,,
1,Cue,1,0.4,,,,,,,,,,,,,,,,,,,,F16.0,,,,,,,,,,
1,Cue,1,0.4,,,,,,,,,,,,,,,,,,,,F16.0,,,,,,,,,,
1,Cue,1,0.4,,,,,,,,,,,,,,,,,,,,F16.0,,,,,,,,,,
1,Cue,1,0.4,,,,,,,,,,,,,,,,,,,,F16.0,,,,,,,,,,
1,Cue,1,0.4,,,,,,,,,,,,,,,,,,,,F16.0,,,,,,,,,,
1,Cue,1,0.4,,,,,,,,,,,,,,,,,,,,F16.0,,,,,,,,,,
1,Cue,1,0.4,,,,,,,,,,,,,,,,,,,,F16.0,,,,,,,,,,
1,Cue,1,0.4,,,,,,,,,,,,,,,,,,,,F16.0,,,,,,,,,,
1,Cue,1,0.4,,,,,,,,,,,,,,,,,,,,F16.0,,,,,,,,,,
1,Cue,1,0.4,,,,,,,,,,,,,,,,,,,,F16.0,,,,,,,,,,
1,Cue,1,0.4,,,,,,,,,,,,,,,,,,,,F16.0,,,,,,,,,,
1,Cue,1,0.4,,,,,,,,,,,,,,,,,,,,F16.0,,,,,,,,,,
1,Cue,1,0.4,,,,,,,,,,,,,,,,,,,,F16.0,,,,,,,,,,
1,Cue,1,0.4,,,,,,,,,,,,,,,,,,,,F16.0,,,,,,,,,,
1,Cue,1,0.4,,,,,,,,,,,,,,,,,,,,F16.0,,,,,,,,,,
1,Cue,1,0.4,,,,,,,,,,,,,,,,,,,,F16.0,,,,,,,,,,
1,Cue,1,0.4,,,,,,,,,,,,,,,,,,,,F16.0,,,,,,,,,,
1,Cue,1,0.4,,,,,,,,,,,,,,,,,,,,F16.0,,,,,,,,,,
1,Cue,1,0.4,,,,,,,,,,,,,,,,,,,,F16.0,,,,,,,,,,
1,Cue,1,0.4,,,,,,,,,,,,,,,,,,,,F16.0,,,,,,,,,,
1,Cue,1,0.4,,,,,,,,,,,,,,,,,,,,F16.0,,,,,,,,,,
1,Cue,1,0.4,,,,,,,,,,,,,,,,,,,,F16.0,,,,,,,,,,
1,Cue,1,0.4,,,,,,,,,,,,,,,,,,,,F16.0,,,,,,,,,,
1,Cue,1,0.4,,,,,,,,,,,,,,,,,,,,F16.0,,,,,,,,,,
1,Cue,1,0.4,,,,,,,,,,,,,,,,,,,,F16.0,,,,,,,,,,
1,Cue,1,0.4,,,,,,,,,,,,,,,,,,,,F16.0,,,,,,,,,,
1,Cue,1,0.4,,,,,,,,,,,,,,,,,,,,F16.0,,,,,,,,,,
1,Cue,1,0.4,,,,,,,,,,,,,,,,,,,,F16.0,,,,,,,,,,
1,Cue,1,0.4,,,,,,,,,,,,,,,,,,,,F16.0,,,,,,,,,,
1,Cue,1,0.4,,,,,,,,,,,,,,,,,,,,F16.0,,,,,,,,,,
1,Cue,1,0.5,,,,,,,,,,,,,,,,,,,,F23.0,,,,,,,,,,
1,Cue,1,0.5,,,,,,,,,,,,,,,,,,,,F23.0,,,,,,,,,,
1,Cue,1,0.5,,,,,,,,,,,,,,,,,,,,F23.0,,,,,,,,,,
1,Cue,1,0.5,,,,,,,,,,,,,,,,,,,,F23.0,,,,,,,,,,
1,Cue,1,0.5,,,,,,,,,,,,,,,,,,,,F23.0,,,,,,,,,,
1,Cue,1,0.5,,,,,,,,,,,,,,,,,,,,F23.0,,,,,,,,,,
1,Cue,1,0.5,,,,,,,,,,,,,,,,,,,,F23.0,,,,,,,,,,
1,Cue,1,0.5,,,,,,,,,,,,,,,,,,,,F23.0,,,,,,,,,,
1,Cue,1,0.5,,,,,,,,,,,,,,,,,,,,F23.0,,,,,,,,,,
1,Cue,1,0.5,,,,,,,,,,,,,,,,,,,,F23.0,,,,,,,,,,
1,Cue,1,0.5,,,,,,,,,,,,,,,,,,,,F23.0,,,,,,,,,,
1,Cue,1,0.5,,,,,,,,,,,,,,,,,,,,F23.0,,,,,,,,,,
1,Cue,1,0.5,,,,,,,,,,,,,,,,,,,,F23.0,,,,,,,,,,
1,Cue,1,0.5,,,,,,,,,,,,,,,,,,,,F23.0,,,,,,,,,,
1,Cue,1,0.5,,,,,,,,,,,,,,,,,,,,F23.0,,,,,,,,,,
1,Cue,1,0.5,,,,,,,,,,,,,,,,,,,,F23.0,,,,,,,,,,
1,Cue,1,0.5,,,,,,,,,,,,,,,,,,,,F23.0,,,,,,,,,,
1,Cue,1,0.5,,,,,,,,,,,,,,,,,,,,F23.0,,,,,,,,,,
1,Cue,1,0.5,,,,,,,,,,,,,,,,,,,,F23.0,,,,,,,,,,
1,Cue,1,0.5,,,,,,,,,,,,,,,,,,,,F23.0,,,,,,,,,,
1,Cue,1,0.5,,,,,,,,,,,,,,,,,,,,F23.0,,,,,,,,,,
1,Cue,1,0.5,,,,,,,,,,,,,,,,,,,,F23.0,,,,,,,,,,
1,Cue,1,0.5,,,,,,,,,,,,,,,,,,,,F23.0,,,,,,,,,,
1,Cue,1,0.5,,,,,,,,,,,,,,,,,,,,F23.0,,,,,,,,,,
1,Cue,1,0.5,,,,,,,,,,,,,,,,,,,,F23.0,,,,,,,,,,
1,Cue,1,0.5,,,,,,,,,,,,,,,,,,,,F23.0,,,,,,,,,,
1,Cue,1,0.5,,,,,,,,,,,,,,,,,,,,F23.0,,,,,,,,,,
1,Cue,1,0.5,,,,,,,,,,,,,,,,,,,,F23.0,,,,,,,,,,
1,Cue,1,0.5,,,,,,,,,,,,,,,,,,,,F23.0,,,,,,,,,,
1,Cue,1,0.5,,,,,,,,,,,,,,,,,,,,F23.0,,,,,,,,,,
1,Cue,1,0.5,,,,,,,,,,,,,,,,,,,,F23.0,,,,,,,,,,
1,Cue,1,0.5,,,,,,,,,,,,,,,,,,,,F23.0,,,,,,,,,,
1,Cue,1,0.5,,,,,,,,,,,,,,,,,,,,F23.0,,,,,,,,,,
1,Cue,1,0.5,,,,,,,,,,,,,,,,,,,,F23.0,,,,,,,,,,
1,Cue,1,0.5,,,,,,,,,,,,,,,,,,,,F23.0,,,,,,,,,,
1,Cue,1,0.5,,,,,,,,,,,,,,,,,,,,F23.0,,,,,,,,,,
1,Cue,1,0.5,,,,,,,,,,,,,,,,,,,,F23.0,,,,,,,,,,
1,Cue,1,0.5,,,,,,,,,,,,,,,,,,,,F23.0,,,,,,,,,,
1,Cue,1,0.5,,,,,,,,,,,,,,,,,,,,F23.0,,,,,,,,,,
1,Cue,1,0.5,,,,,,,,,,,,,,,,,,,,F23.0,,,,,,,,,,
1,Cue,1,0.5,,,,,,,,,,,,,,,,,,,,F23.0,,,,,,,,,,
1,Cue,1,0.5,,,,,,,,,,,,,,,,,,,,F23.0,,,,,,,,,,
1,Cue,1,0.5,,,,,,,,,,,,,,,,,,,,F23.0,,,,,,,,,,
1,Cue,1,0.5,,,,,,,,,,,,,,,,,,,,F23.0,,,,,,,,,,
1,Cue,1,0.5,,,,,,,,,,,,,,,,,,,,F23.0,,,,,,,,,,
1,Cue,1,0.5,,,,,,,,,,,,,,,,,,,,F23.0,,,,,,,,,,
1,Cue,1,0.5,,,,,,,,,,,,,,,,,,,,F23.0,,,,,,,,,,
1,Cue,1,0.5,,,,,,,,,,,,,,,,,,,,F23.0,,,,,,,,,,
1,Cue,1,0.5,,,,,,,,,,,,,,,,,,,,F23.0,,,,,,,,,,
1,Cue,1,0.5,,,,,,,,,,,,,,,,,,,,F23.0,,,,,,,,,,
1,Cue,1,0.5,,,,,,,,,,,,,,,,,,,,F23.0,,,,,,,,,,
1,Cue,1,0.5,,,,,,,,,,,,,,,,,,,,F23.0,,,,,,,,,,
1,Cue,1,0.5,,,,,,,,,,,,,,,,,,,,F23.0,,,,,,,,,,
1,Cue,1,0.5,,,,,,,,,,,,,,,,,,,,F23.0,,,,,,,,,,
1,Cue,1,0.5,,,,,,,,,,,,,,,,,,,,F23.0,,,,,,,,,,
1,Cue,1,0.5,,,,,,,,,,,,,,,,,,,,F23.0,,,,,,,,,,
1,Cue,1,0.5,,,,,,,,,,,,,,,,,,,,F23.0,,,,,,,,,,
1,Cue,1,0.5,,,,,,,,,,,,,,,,,,,,F23.0,,,,,,,,,,
1,Cue,1,0.5,,,,,,,,,,,,,,,,,,,,F23.0,,,,,,,,,,
1,Cue,1,0.5,,,,,,,,,,,,,,,,,,,,F23.0,,,,,,,,,,
1,Cue,1,0.5,,,,,,,,,,,,,,,,,,,,F23.0,,,,,,,,,,
1,Cue,1,0.5,,,,,,,,,,,,,,,,,,,,F23.0,,,,,,,,,,
1,Cue,1,0.5,,,,,,,,,,,,,,,,,,,,F23.0,,,,,,,,,,
1,Cue,1,0.5,,,,,,,,,,,,,,,,,,,,F23.0,,,,,,,,,,
1,Cue,1,0.5,,,,,,,,,,,,,,,,,,,,F23.0,,,,,,,,,,
1,Cue,1,0.5,,,,,,,,,,,,,,,,,,,,F23.0,,,,,,,,,,
1,Cue,1,0.5,,,,,,,,,,,,,,,,,,,,F23.0,,,,,,,,,,
1,Cue,1,0.5,,,,,,,,,,,,,,,,,,,,F23.0,,,,,,,,,,
1,Cue,1,0.5,,,,,,,,,,,,,,,,,,,,F23.0,,,,,,,,,,
1,Cue,1,0.5,,,,,,,,,,,,,,,,,,,,F23.0,,,,,,,,,,
1,Cue,1,0.5,,,,,,,,,,,,,,,,,,,,F23.0,,,,,,,,,,
1,Cue,1,0.5,,,,,,,,,,,,,,,,,,,,F23.0,,,,,,,,,,
1,Cue,1,0.5,,,,,,,,,,,,,,,,,,,,F23.0,,,,,,,,,,
1,Cue,1,0.5,,,,,,,,,,,,,,,,,,,,F23.0,,,,,,,,,,
1,Cue,1,0.5,,,,,,,,,,,,,,,,,,,,F23.0,,,,,,,,,,
1,Cue,1,0.5,,,,,,,,,,,,,,,,,,,,F23.0,,,,,,,,,,
1,Cue,1,0.5,,,,,,,,,,,,,,,,,,,,F23.0,,,,,,,,,,
1,Cue,1,0.5,,,,,,,,,,,,,,,,,,,,F23.0,,,,,,,,,,
1,Cue,1,0.5,,,,,,,,,,,,,,,,,,,,F23.0,,,,,,,,,,
1,Cue,1,0.5,,,,,,,,,,,,,,,,,,,,F23.0,,,,,,,,,,
1,Cue,1,0.5,,,,,,,,,,,,,,,,,,,,F23.0,,,,,,,,,,
1,Cue,1,0.5,,,,,,,,,,,,,,,,,,,,F23.0,,,,,,,,,,
1,Cue,1,0.5,,,,,,,,,,,,,,,,,,,,F23.0,,,,,,,,,,
1,Cue,1,0.5,,,,,,,,,,,,,,,,,,,,F23.0,,,,,,,,,,
1,Cue,1,0.5,,,,,,,,,,,,,,,,,,,,F23.0,,,,,,,,,,
1,Cue,1,0.5,,,,,,,,,,,,,,,,,,,,F23.0,,,,,,,,,,
1,Cue,1,0.5,,,,,,,,,,,,,,,,,,,,F23.0,,,,,,,,,,
1,Cue,1,0.5,,,,,,,,,,,,,,,,,,,,F23.0,,,,,,,,,,
1,Cue,1,0.5,,,,,,,,,,,,,,,,,,,,F23.0,,,,,,,,,,
1,Cue,1,0.5,,,,,,,,,,,,,,,,,,,,F23.0,,,,,,,,,,
1,Cue,1,0.5,,,,,,,,,,,,,,,,,,,,F23.0,,,,,,,,,,
1,Cue,1,0.5,,,,,,,,,,,,,,,,,,,,F23.0,,,,,,,,,,
1,Cue,1,0.5,,,,,,,,,,,,,,,,,,,,F23.0,,,,,,,,,,
1,Cue,1,0.5,,,,,,,,,,,,,,,,,,,,F23.0,,,,,,,,,,
1,Cue,1,0.5,,,,,,,,,,,,,,,,,,,,F23.0,,,,,,,,,,
1,Cue,1,0.5,,,,,,,,,,,,,,,,,,,,F23.0,,,,,,,,,,
1,Cue,1,0.5,,,,,,,,,,,,,,,,,,,,F23.0,,,,,,,,,,
1,Cue,1,0.5,,,,,,,,,,,,,,,,,,,,F23.0,,,,,,,,,,
1,Cue,1,0.5,,,,,,,,,,,,,,,,,,,,F23.0,,,,,,,,,,
1,Cue,1,0.5,,,,,,,,,,,,,,,,,,,,F23.0,,,,,,,,,,
1,Cue,1,0.5,,,,,,,,,,,,,,,,,,,,F23.0,,,,,,,,,,
1,Cue,1,0.5,,,,,,,,,,,,,,,,,,,,F23.0,,,,,,,,,,
1,Cue,1,0.5,,,,,,,,,,,,,,,,,,,,F23.0,,,,,,,,,,
1,Cue,1,0.5,,,,,,,,,,,,,,,,,,,,F23.0,,,,,,,,,,
1,Cue,1,0.6,,,,,,,,,,,,,,,,,,,,F10.0,,,,,,,,,,
1,Cue,1,0.6,,,,,,,,,,,,,,,,,,,,F10.0,,,,,,,,,,
1,Cue,1,0.6,,,,,,,,,,,,,,,,,,,,F10.0,,,,,,,,,,
1,Cue,1,0.6,,,,,,,,,,,,,,,,,,,,F10.0,,,,,,,,,,
1,Cue,1,0.6,,,,,,,,,,,,,,,,,,,,F10.0,,,,,,,,,,
1,Cue,1,0.6,,,,,,,,,,,,,,,,,,,,F10.0,,,,,,,,,,
1,Cue,1,0.6,,,,,,,,,,,,,,,,,,,,F10.0,,,,,,,,,,
1,Cue,1,0.6,,,,,,,,,,,,,,,,,,,,F10.0,,,,,,,,,,
1,Cue,1,0.6,,,,,,,,,,,,,,,,,,,,F10.0,,,,,,,,,,
1,Cue,1,0.6,,,,,,,,,,,,,,,,,,,,F10.0,,,,,,,,,,
1,Cue,1,0.6,,,,,,,,,,,,,,,,,,,,F10.0,,,,,,,,,,
1,Cue,1,0.6,,,,,,,,,,,,,,,,,,,,F10.0,,,,,,,,,,
1,Cue,1,0.6,,,,,,,,,,,,,,,,,,,,F10.0,,,,,,,,,,
1,Cue,1,0.6,,,,,,,,,,,,,,,,,,,,F10.0,,,,,,,,,,
1,Cue,1,0.6,,,,,,,,,,,,,,,,,,,,F10.0,,,,,,,,,,
1,Cue,1,0.6,,,,,,,,,,,,,,,,,,,,F10.0,,,,,,,,,,
1,Cue,1,0.6,,,,,,,,,,,,,,,,,,,,F10.0,,,,,,,,,,
1,Cue,1,0.6,,,,,,,,,,,,,,,,,,,,F10.0,,,,,,,,,,
1,Cue,1,0.6,,,,,,,,,,,,,,,,,,,,F10.0,,,,,,,,,,
1,Cue,1,0.6,,,,,,,,,,,,,,,,,,,,F10.0,,,,,,,,,,
1,Cue,1,0.6,,,,,,,,,,,,,,,,,,,,F10.0,,,,,,,,,,
1,Cue,1,0.6,,,,,,,,,,,,,,,,,,,,F10.0,,,,,,,,,,
1,Cue,1,0.6,,,,,,,,,,,,,,,,,,,,F10.0,,,,,,,,,,
1,Cue,1,0.6,,,,,,,,,,,,,,,,,,,,F10.0,,,,,,,,,,
1,Cue,1,0.6,,,,,,,,,,,,,,,,,,,,F10.0,,,,,,,,,,
1,Cue,1,0.6,,,,,,,,,,,,,,,,,,,,F10.0,,,,,,,,,,
1,Cue,1,0.6,,,,,,,,,,,,,,,,,,,,F10.0,,,,,,,,,,
1,Cue,1,0.6,,,,,,,,,,,,,,,,,,,,F10.0,,,,,,,,,,
1,Cue,1,0.6,,,,,,,,,,,,,,,,,,,,F10.0,,,,,,,,,,
1,Cue,1,0.6,,,,,,,,,,,,,,,,,,,,F10.0,,,,,,,,,,
1,Cue,1,0.6,,,,,,,,,,,,,,,,,,,,F10.0,,,,,,,,,,
1,Cue,1,0.6,,,,,,,,,,,,,,,,,,,,F10.0,,,,,,,,,,
1,Cue,1,0.6,,,,,,,,,,,,,,,,,,,,F10.0,,,,,,,,,,
1,Cue,1,0.6,,,,,,,,,,,,,,,,,,,,F10.0,,,,,,,,,,
1,Cue,1,0.6,,,,,,,,,,,,,,,,,,,,F10.0,,,,,,,,,,
1,Cue,1,0.6,,,,,,,,,,,,,,,,,,,,F10.0,,,,,,,,,,
1,Cue,1,0.6,,,,,,,,,,,,,,,,,,,,F10.0,,,,,,,,,,
1,Cue,1,0.6,,,,,,,,,,,,,,,,,,,,F10.0,,,,,,,,,,
1,Cue,1,0.6,,,,,,,,,,,,,,,,,,,,F10.0,,,,,,,,,,
1,Cue,1,0.6,,,,,,,,,,,,,,,,,,,,F10.0,,,,,,,,,,
1,Cue,1,0.6,,,,,,,,,,,,,,,,,,,,F10.0,,,,,,,,,,
1,Cue,1,0.6,,,,,,,,,,,,,,,,,,,,F10.0,,,,,,,,,,
1,Cue,1,0.6,,,,,,,,,,,,,,,,,,,,F10.0,,,,,,,,,,
1,Cue,1,0.6,,,,,,,,,,,,,,,,,,,,F10.0,,,,,,,,,,
1,Cue,1,0.6,,,,,,,,,,,,,,,,,,,,F10.0,,,,,,,,,,
1,Cue,1,0.6,,,,,,,,,,,,,,,,,,,,F10.0,,,,,,,,,,
1,Cue,1,0.6,,,,,,,,,,,,,,,,,,,,F10.0,,,,,,,,,,
1,Cue,1,0.6,,,,,,,,,,,,,,,,,,,,F10.0,,,,,,,,,,
1,Cue,1,0.6,,,,,,,,,,,,,,,,,,,,F10.0,,,,,,,,,,
1,Cue,1,0.6,,,,,,,,,,,,,,,,,,,,F10.0,,,,,,,,,,
1,Cue,1,0.6,,,,,,,,,,,,,,,,,,,,F10.0,,,,,,,,,,
1,Cue,1,0.6,,,,,,,,,,,,,,,,,,,,F10.0,,,,,,,,,,
1,Cue,1,0.6,,,,,,,,,,,,,,,,,,,,F10.0,,,,,,,,,,
1,Cue,1,0.6,,,,,,,,,,,,,,,,,,,,F10.0,,,,,,,,,,
1,Cue,1,0.6,,,,,,,,,,,,,,,,,,,,F10.0,,,,,,,,,,
1,Cue,1,0.6,,,,,,,,,,,,,,,,,,,,F10.0,,,,,,,,,,
1,Cue,1,0.6,,,,,,,,,,,,,,,,,,,,F10.0,,,,,,,,,,
1,Cue,1,0.6,,,,,,,,,,,,,,,,,,,,F10.0,,,,,,,,,,
1,Cue,1,0.6,,,,,,,,,,,,,,,,,,,,F10.0,,,,,,,,,,
1,Cue,1,0.6,,,,,,,,,,,,,,,,,,,,F10.0,,,,,,,,,,
1,Cue,1,0.6,,,,,,,,,,,,,,,,,,,,F10.0,,,,,,,,,,
1,Cue,1,0.6,,,,,,,,,,,,,,,,,,,,F10.0,,,,,,,,,,
1,Cue,1,0.6,,,,,,,,,,,,,,,,,,,,F10.0,,,,,,,,,,
1,Cue,1,0.6,,,,,,,,,,,,,,,,,,,,F10.0,,,,,,,,,,
1,Cue,1,0.6,,,,,,,,,,,,,,,,,,,,F10.0,,,,,,,,,,
1,Cue,1,0.6,,,,,,,,,,,,,,,,,,,,F10.0,,,,,,,,,,
1,Cue,1,0.6,,,,,,,,,,,,,,,,,,,,F10.0,,,,,,,,,,
1,Cue,1,0.6,,,,,,,,,,,,,,,,,,,,F10.0,,,,,,,,,,
1,Cue,1,0.6,,,,,,,,,,,,,,,,,,,,F10.0,,,,,,,,,,
1,Cue,1,0.6,,,,,,,,,,,,,,,,,,,,F10.0,,,,,,,,,,
1,Cue,1,0.6,,,,,,,,,,,,,,,,,,,,F10.0,,,,,,,,,,
1,Cue,1,0.6,,,,,,,,,,,,,,,,,,,,F10.0,,,,,,,,,,
1,Cue,1,0.6,,,,,,,,,,,,,,,,,,,,F10.0,,,,,,,,,,
1,Cue,1,0.6,,,,,,,,,,,,,,,,,,,,F10.0,,,,,,,,,,
1,Cue,1,0.6,,,,,,,,,,,,,,,,,,,,F10.0,,,,,,,,,,
1,Cue,1,0.6,,,,,,,,,,,,,,,,,,,,F10.0,,,,,,,,,,
1,Cue,1,0.6,,,,,,,,,,,,,,,,,,,,F10.0,,,,,,,,,,
1,Cue,1,0.6,,,,,,,,,,,,,,,,,,,,F10.0,,,,,,,,,,
1,Cue,1,0.6,,,,,,,,,,,,,,,,,,,,F10.0,,,,,,,,,,
1,Cue,1,0.6,,,,,,,,,,,,,,,,,,,,F10.0,,,,,,,,,,
1,Cue,1,0.6,,,,,,,,,,,,,,,,,,,,F10.0,,,,,,,,,,
1,Cue,1,0.6,,,,,,,,,,,,,,,,,,,,F10.0,,,,,,,,,,
1,Cue,1,0.6,,,,,,,,,,,,,,,,,,,,F10.0,,,,,,,,,,
1,Cue,1,0.6,,,,,,,,,,,,,,,,,,,,F10.0,,,,,,,,,,
1,Cue,1,0.6,,,,,,,,,,,,,,,,,,,,F10.0,,,,,,,,,,
1,Cue,1,0.6,,,,,,,,,,,,,,,,,,,,F10.0,,,,,,,,,,
1,Cue,1,0.6,,,,,,,,,,,,,,,,,,,,F10.0,,,,,,,,,,
1,Cue,1,0.6,,,,,,,,,,,,,,,,,,,,F10.0,,,,,,,,,,
1,Cue,1,0.6,,,,,,,,,,,,,,,,,,,,F10.0,,,,,,,,,,
1,Cue,1,0.6,,,,,,,,,,,,,,,,,,,,F10.0,,,,,,,,,,
1,Cue,1,0.6,,,,,,,,,,,,,,,,,,,,F10.0,,,,,,,,,,
1,Cue,1,0.6,,,,,,,,,,,,,,,,,,,,F10.0,,,,,,,,,,
1,Cue,1,0.6,,,,,,,,,,,,,,,,,,,,F10.0,,,,,,,,,,
1,Cue,1,0.6,,,,,,,,,,,,,,,,,,,,F10.0,,,,,,,,,,
1,Cue,1,0.6,,,,,,,,,,,,,,,,,,,,F10.0,,,,,,,,,,
1,Cue,1,0.6,,,,,,,,,,,,,,,,,,,,F10.0,,,,,,,,,,
1,Cue,1,0.6,,,,,,,,,,,,,,,,,,,,F10.0,,,,,,,,,,
1,Cue,1,0.6,,,,,,,,,,,,,,,,,,,,F10.0,,,,,,,,,,
1,Cue,1,0.6,,,,,,,,,,,,,,,,,,,,F10.0,,,,,,,,,,
1,Cue,1,0.6,,,,,,,,,,,,,,,,,,,,F10.0,,,,,,,,,,
1,Cue,1,0.6,,,,,,,,,,,,,,,,,,,,F10.0,,,,,,,,,,
1,Cue,1,0.6,,,,,,,,,,,,,,,,,,,,F10.0,,,,,,,,,,
1,Cue,1,0.6,,,,,,,,,,,,,,,,,,,,F10.0,,,,,,,,,,
1,Cue,1,0.6,,,,,,,,,,,,,,,,,,,,F10.0,,,,,,,,,,